Attrition,Department,JobRole,FTE,StandardHours,BusinessTravel,HourlyRate,PercentSalaryHike,StockOption,TrainingTimesLastYear,YearsAtCompany,YearsInCurrentRole,YearsSinceLastPromotion,YearsWithCurrManager,Age,Gender,MaritalStatus,EducationField,NumCompaniesWorked,TotalWorkingYears,PerformanceRating,SatisfactionJob,SatisfactionDecision,SatisfactionEnvironment,SatisfactionManager,SatisfactionWorkLife
Yes,Sales,Sales Executive,1,40,Travel Rarely,94,11,No,0,6,4,0,5,41,Female,Single,Life Sciences,8,8,3,4,3,2,1,1
No,Research & Development,Research Scientist,1,40,Travel Frequently,61,23,Yes,3,10,7,1,7,49,Male,Married,Life Sciences,1,10,4,2,2,3,4,3
Yes,Research & Development,Laboratory Technician,1,40,Travel Rarely,92,15,No,3,0,0,0,0,37,Male,Single,Other,6,7,3,3,2,4,2,3
No,Research & Development,Research Scientist,1,40,Travel Frequently,56,11,No,3,8,7,3,0,33,Female,Married,Life Sciences,1,8,3,3,3,4,3,3
No,Research & Development,Laboratory Technician,1,40,Travel Rarely,40,12,Yes,3,2,2,2,2,27,Male,Married,Medical,9,6,3,2,3,1,4,3
No,Research & Development,Laboratory Technician,1,40,Travel Frequently,79,13,No,2,7,7,3,6,32,Male,Single,Life Sciences,0,8,3,4,3,4,3,2
No,Research & Development,Laboratory Technician,1,40,Travel Rarely,81,20,Yes,3,1,0,0,0,59,Female,Married,Medical,4,12,4,1,4,3,1,2
No,Research & Development,Laboratory Technician,1,40,Travel Rarely,67,22,Yes,2,1,0,0,0,30,Male,Divorced,Life Sciences,1,1,4,3,3,4,2,3
No,Research & Development,Manufacturing Director,1,40,Travel Frequently,44,21,No,2,9,7,1,8,38,Male,Single,Life Sciences,0,10,4,3,2,4,2,3
No,Research & Development,Healthcare Representative,1,40,Travel Rarely,94,13,Yes,3,7,7,7,7,36,Male,Married,Medical,6,17,3,3,3,3,2,2
No,Research & Development,Laboratory Technician,1,40,Travel Rarely,84,13,Yes,5,5,4,0,3,35,Male,Married,Medical,0,6,3,2,4,1,3,3
No,Research & Development,Laboratory Technician,1,40,Travel Rarely,49,12,No,3,9,5,0,8,29,Female,Single,Life Sciences,0,10,3,3,2,4,4,3
No,Research & Development,Research Scientist,1,40,Travel Rarely,31,17,Yes,1,5,2,4,3,31,Male,Divorced,Life Sciences,1,5,3,3,3,1,4,2
No,Research & Development,Laboratory Technician,1,40,Travel Rarely,93,11,Yes,2,2,2,1,2,34,Male,Divorced,Medical,0,3,3,4,3,2,3,3
Yes,Research & Development,Laboratory Technician,1,40,Travel Rarely,50,14,No,4,4,2,0,3,28,Male,Single,Life Sciences,5,6,3,3,2,3,2,3
No,Research & Development,Manufacturing Director,1,40,Travel Rarely,51,11,Yes,1,10,9,8,8,29,Female,Divorced,Life Sciences,1,10,3,1,4,2,3,3
No,Research & Development,Research Scientist,1,40,Travel Rarely,80,12,Yes,5,6,2,0,5,32,Male,Divorced,Life Sciences,0,7,3,2,4,1,4,2
No,Research & Development,Laboratory Technician,1,40,No Travel,96,13,Yes,2,1,0,0,0,22,Male,Divorced,Medical,1,1,3,4,4,4,2,2
No,Sales,Manager,1,40,Travel Rarely,78,16,No,3,25,8,3,7,53,Female,Married,Life Sciences,2,31,3,4,2,1,3,3
No,Research & Development,Research Scientist,1,40,Travel Rarely,45,11,No,3,3,2,1,2,38,Male,Single,Life Sciences,5,6,3,4,3,4,3,3
No,Research & Development,Manufacturing Director,1,40,No Travel,96,18,Yes,5,4,2,1,3,24,Female,Divorced,Other,0,5,3,3,4,1,4,2
Yes,Sales,Sales Representative,1,40,Travel Rarely,82,23,No,4,5,3,0,3,36,Male,Single,Life Sciences,7,10,4,1,2,3,2,3
No,Research & Development,Research Director,1,40,Travel Rarely,53,11,No,4,12,6,2,11,34,Female,Single,Life Sciences,0,13,3,2,3,1,3,3
No,Research & Development,Research Scientist,1,40,Travel Rarely,96,14,No,6,0,0,0,0,21,Male,Single,Life Sciences,1,0,3,4,3,3,4,3
Yes,Research & Development,Research Scientist,1,40,Travel Rarely,83,11,No,2,4,2,1,3,34,Male,Single,Medical,2,8,3,1,3,2,3,3
No,Research & Development,Manager,1,40,Travel Rarely,58,11,Yes,3,14,13,4,8,53,Female,Divorced,Other,4,26,3,3,3,3,4,2
Yes,Research & Development,Research Scientist,1,40,Travel Frequently,72,22,No,5,10,2,6,7,32,Female,Single,Life Sciences,1,10,4,1,1,2,2,3
No,Sales,Sales Executive,1,40,Travel Rarely,48,11,Yes,2,9,7,4,2,42,Male,Married,Marketing,0,10,3,2,3,3,4,3
No,Research & Development,Healthcare Representative,1,40,Travel Rarely,42,14,Yes,4,22,6,5,17,44,Female,Married,Medical,3,24,3,4,2,1,4,3
No,Sales,Manager,1,40,Travel Rarely,83,12,No,2,2,2,2,1,46,Female,Single,Marketing,3,22,3,1,3,2,4,2
No,Research & Development,Laboratory Technician,1,40,Travel Rarely,78,11,No,3,1,1,0,0,33,Male,Single,Medical,4,7,3,4,3,3,4,3
No,Research & Development,Healthcare Representative,1,40,Travel Rarely,41,13,No,5,4,2,1,3,44,Male,Married,Other,2,9,3,4,3,4,4,4
No,Research & Development,Laboratory Technician,1,40,Travel Rarely,83,13,No,5,10,0,1,8,30,Male,Single,Medical,1,10,3,3,2,4,1,3
Yes,Sales,Sales Representative,1,40,Travel Rarely,56,14,Yes,6,1,0,0,0,39,Male,Married,Technical Degree,3,19,3,4,3,4,3,4
Yes,Research & Development,Research Scientist,1,40,Travel Rarely,61,16,Yes,2,2,0,2,0,24,Male,Married,Medical,2,6,3,4,3,2,1,2
No,Research & Development,Research Scientist,1,40,Travel Rarely,72,12,Yes,3,5,3,1,4,43,Female,Divorced,Medical,1,6,3,3,4,4,4,2
Yes,Sales,Sales Representative,1,40,Travel Rarely,86,14,No,2,3,2,0,2,50,Male,Married,Marketing,1,3,3,3,2,1,3,3
No,Sales,Sales Representative,1,40,Travel Rarely,97,13,No,3,2,2,2,2,35,Female,Married,Marketing,1,2,3,4,3,4,1,3
No,Research & Development,Research Scientist,1,40,Travel Rarely,82,14,Yes,3,1,1,0,0,36,Female,Married,Life Sciences,9,6,3,1,2,2,4,4
No,Sales,Sales Executive,1,40,Travel Frequently,42,19,Yes,3,5,3,1,3,33,Female,Married,Life Sciences,2,10,3,1,4,3,1,3
No,Research & Development,Laboratory Technician,1,40,Travel Rarely,75,12,Yes,3,1,0,0,0,35,Male,Divorced,Other,1,1,3,4,3,3,3,3
No,Research & Development,Laboratory Technician,1,40,Travel Rarely,33,13,Yes,6,1,0,0,0,27,Female,Divorced,Life Sciences,1,1,3,1,3,4,4,3
Yes,Research & Development,Laboratory Technician,1,40,Travel Rarely,48,12,No,2,1,0,0,1,26,Male,Single,Life Sciences,1,1,3,3,1,1,3,2
No,Sales,Sales Executive,1,40,Travel Frequently,37,15,No,0,9,8,1,7,27,Male,Single,Life Sciences,1,9,3,3,3,4,4,3
No,Research & Development,Laboratory Technician,1,40,Travel Frequently,58,23,No,2,12,8,3,7,30,Female,Single,Medical,1,12,4,4,3,3,4,3
Yes,Research & Development,Research Director,1,40,Travel Rarely,49,12,No,0,22,15,15,8,41,Female,Married,Technical Degree,1,23,3,3,3,2,4,3
No,Sales,Sales Executive,1,40,No Travel,72,20,No,2,9,5,8,7,34,Male,Single,Marketing,0,10,4,3,3,2,3,3
No,Research & Development,Research Scientist,1,40,Travel Rarely,73,21,No,1,1,0,0,0,37,Male,Married,Life Sciences,4,8,4,2,3,2,1,3
No,Sales,Sales Executive,1,40,Travel Frequently,98,21,No,4,9,6,0,8,46,Male,Single,Marketing,4,14,4,4,3,1,3,3
No,Research & Development,Laboratory Technician,1,40,Travel Rarely,36,19,No,2,1,0,0,1,35,Male,Married,Life Sciences,1,1,3,4,4,4,4,3
Yes,Research & Development,Laboratory Technician,1,40,Travel Rarely,98,13,No,2,1,0,0,0,48,Male,Single,Life Sciences,9,23,3,3,2,1,4,3
Yes,Research & Development,Laboratory Technician,1,40,Travel Rarely,50,13,No,3,2,2,2,2,28,Male,Single,Technical Degree,1,2,3,3,3,3,3,2
No,Sales,Sales Executive,1,40,Travel Rarely,75,21,Yes,2,4,3,1,3,44,Female,Divorced,Marketing,5,9,4,1,3,2,3,2
No,Research & Development,Healthcare Representative,1,40,No Travel,79,13,Yes,3,4,0,2,3,35,Male,Married,Medical,2,10,3,1,2,3,3,3
No,Sales,Sales Executive,1,40,Travel Rarely,47,19,Yes,2,2,2,0,0,26,Female,Married,Marketing,7,5,3,4,2,3,3,2
No,Research & Development,Research Director,1,40,Travel Frequently,98,12,No,1,15,14,8,12,33,Female,Single,Life Sciences,1,15,3,4,3,1,3,3
No,Sales,Sales Executive,1,40,Travel Frequently,71,22,Yes,3,9,8,1,8,35,Male,Married,Life Sciences,1,9,4,1,3,2,4,2
No,Research & Development,Laboratory Technician,1,40,Travel Rarely,30,15,Yes,3,2,2,2,2,35,Female,Married,Medical,3,4,3,1,3,3,3,3
No,Research & Development,Laboratory Technician,1,40,Travel Rarely,48,22,Yes,3,7,7,1,7,31,Male,Divorced,Life Sciences,3,10,4,4,3,4,4,2
No,Research & Development,Manufacturing Director,1,40,Travel Rarely,51,18,Yes,2,7,5,0,7,37,Male,Divorced,Life Sciences,1,7,3,3,2,1,3,4
No,Research & Development,Manufacturing Director,1,40,Travel Rarely,33,22,Yes,3,9,8,7,8,32,Male,Married,Medical,1,9,4,4,3,1,2,3
No,Research & Development,Laboratory Technician,1,40,Travel Frequently,50,11,No,2,10,3,9,9,38,Female,Single,Life Sciences,1,10,3,4,3,4,4,3
No,Research & Development,Research Director,1,40,Travel Rarely,43,12,Yes,2,27,3,13,8,50,Female,Divorced,Medical,5,29,3,3,2,2,4,2
No,Sales,Sales Executive,1,40,Travel Rarely,99,11,No,3,21,16,7,9,59,Female,Single,Life Sciences,7,28,3,1,3,1,4,2
No,Research & Development,Healthcare Representative,1,40,Travel Rarely,59,13,Yes,2,17,14,12,8,36,Female,Divorced,Technical Degree,1,17,3,3,3,3,2,3
No,Research & Development,Manager,1,40,Travel Rarely,33,14,Yes,2,5,0,0,2,55,Female,Divorced,Medical,2,21,3,3,3,4,3,3
No,Research & Development,Manufacturing Director,1,40,Travel Frequently,95,13,No,3,6,5,0,3,36,Male,Single,Life Sciences,1,6,3,2,2,2,3,3
No,Research & Development,Research Scientist,1,40,Travel Rarely,59,17,Yes,2,1,0,0,0,45,Male,Divorced,Life Sciences,2,25,3,1,3,2,3,3
No,Research & Development,Research Scientist,1,40,Travel Frequently,79,13,Yes,2,3,2,1,2,35,Male,Married,Medical,4,5,3,1,3,2,4,2
Yes,Research & Development,Research Scientist,1,40,Travel Rarely,79,17,Yes,0,1,0,0,0,36,Male,Married,Medical,0,2,3,3,2,4,1,2
No,Sales,Sales Executive,1,40,Travel Frequently,57,11,No,2,4,3,1,3,59,Female,Single,Life Sciences,7,20,3,3,2,1,4,2
No,Research & Development,Research Scientist,1,40,Travel Rarely,76,23,Yes,3,5,4,0,4,29,Male,Married,Life Sciences,0,6,4,2,3,3,4,3
No,Research & Development,Research Scientist,1,40,Travel Rarely,87,17,No,4,1,1,1,0,31,Male,Single,Medical,1,1,3,2,3,3,2,3
No,Research & Development,Research Scientist,1,40,Travel Rarely,66,17,Yes,3,10,4,0,9,32,Male,Married,Life Sciences,1,10,3,2,3,2,2,3
No,Research & Development,Laboratory Technician,1,40,Travel Rarely,55,12,No,3,1,0,0,0,36,Female,Married,Life Sciences,3,5,3,4,4,2,2,3
No,Research & Development,Manufacturing Director,1,40,Travel Rarely,61,23,No,2,11,7,1,8,31,Female,Single,Life Sciences,1,11,4,4,3,3,4,3
No,Sales,Sales Executive,1,40,Travel Rarely,32,14,No,2,15,13,2,8,35,Male,Single,Marketing,0,16,3,1,2,3,2,3
No,Research & Development,Research Director,1,40,Travel Rarely,52,14,No,3,0,0,0,0,45,Male,Married,Other,4,17,3,1,3,4,2,4
No,Research & Development,Research Director,1,40,Travel Rarely,30,13,No,3,5,2,0,2,37,Male,Single,Medical,4,16,3,3,3,1,1,4
No,Human Resources,Human Resources,1,40,Travel Rarely,80,22,Yes,2,4,2,0,2,46,Male,Divorced,Medical,8,16,4,2,3,2,4,3
No,Research & Development,Laboratory Technician,1,40,Travel Rarely,55,12,Yes,1,10,8,3,0,30,Male,Married,Life Sciences,1,10,3,4,2,4,3,2
No,Research & Development,Research Scientist,1,40,Travel Rarely,30,18,No,3,6,4,0,4,35,Male,Single,Medical,1,6,3,3,2,2,1,3
No,Sales,Sales Executive,1,40,Travel Rarely,70,14,Yes,4,1,0,1,0,55,Male,Married,Life Sciences,3,24,3,4,3,1,4,3
No,Research & Development,Research Scientist,1,40,No Travel,79,12,Yes,3,13,11,1,9,38,Female,Divorced,Medical,7,17,3,4,1,2,4,3
No,Research & Development,Manufacturing Director,1,40,Travel Rarely,94,15,No,2,5,2,1,3,34,Male,Married,Medical,1,5,3,2,3,1,3,3
No,Research & Development,Manufacturing Director,1,40,Travel Rarely,49,11,No,3,6,4,0,2,56,Male,Single,Life Sciences,4,37,3,4,1,4,1,2
No,Sales,Sales Representative,1,40,Travel Rarely,62,13,Yes,3,0,0,0,0,23,Male,Divorced,Technical Degree,3,3,3,1,3,3,3,3
No,Research & Development,Laboratory Technician,1,40,Travel Rarely,96,23,Yes,4,4,2,0,3,51,Male,Married,Life Sciences,3,10,4,4,3,4,2,3
No,Research & Development,Healthcare Representative,1,40,Travel Rarely,99,19,Yes,3,11,10,10,8,30,Male,Married,Life Sciences,1,11,3,4,2,3,1,3
Yes,Sales,Sales Executive,1,40,Travel Rarely,64,16,No,3,9,8,4,7,46,Male,Single,Medical,1,9,3,4,2,3,4,3
No,Research & Development,Healthcare Representative,1,40,Travel Frequently,78,22,Yes,3,22,3,11,11,40,Male,Married,Life Sciences,1,22,4,2,2,3,4,2
No,Sales,Sales Executive,1,40,Travel Rarely,71,22,No,2,10,7,1,0,51,Male,Single,Marketing,0,11,4,4,3,3,4,1
No,Sales,Sales Executive,1,40,Travel Rarely,63,12,Yes,4,11,8,2,7,30,Female,Divorced,Medical,1,11,3,2,2,3,2,2
No,Research & Development,Healthcare Representative,1,40,Travel Frequently,40,13,Yes,5,10,9,9,5,46,Male,Married,Medical,2,21,3,1,2,3,3,2
No,Sales,Sales Executive,1,40,Travel Rarely,87,16,No,0,11,8,5,7,32,Male,Single,Medical,1,12,3,3,3,2,1,3
No,Research & Development,Research Director,1,40,Travel Rarely,60,12,Yes,5,4,3,0,3,54,Female,Married,Technical Degree,9,16,3,3,3,1,1,1
No,Sales,Sales Executive,1,40,Travel Rarely,33,21,Yes,2,3,2,0,2,24,Female,Married,Other,0,4,4,3,3,1,1,2
No,Sales,Sales Executive,1,40,No Travel,43,15,No,3,5,4,0,4,28,Male,Married,Medical,1,5,3,3,3,2,2,4
No,Sales,Sales Executive,1,40,Travel Rarely,37,13,No,1,37,10,1,8,58,Male,Single,Medical,0,38,3,3,3,4,3,2
No,Research & Development,Laboratory Technician,1,40,No Travel,67,12,Yes,3,3,2,1,2,44,Male,Married,Medical,4,17,3,2,3,2,3,4
Yes,Human Resources,Human Resources,1,40,Travel Rarely,63,22,No,3,3,2,0,2,37,Male,Divorced,Human Resources,4,7,4,1,3,3,4,3
No,Research & Development,Research Scientist,1,40,Travel Rarely,71,13,No,2,1,0,0,0,32,Male,Single,Life Sciences,1,1,3,1,3,4,4,3
Yes,Research & Development,Laboratory Technician,1,40,Travel Frequently,66,18,No,5,1,0,1,0,20,Female,Single,Life Sciences,1,1,3,4,2,4,2,3
No,Research & Development,Research Scientist,1,40,Travel Rarely,41,14,No,3,16,13,2,10,34,Female,Single,Other,1,16,3,3,3,1,3,3
No,Research & Development,Healthcare Representative,1,40,No Travel,100,14,Yes,2,1,0,0,0,37,Male,Divorced,Life Sciences,5,17,3,4,2,3,4,4
No,Human Resources,Manager,1,40,No Travel,32,21,Yes,3,3,2,2,2,59,Female,Married,Human Resources,9,30,4,4,2,3,4,3
No,Research & Development,Research Director,1,40,Travel Frequently,73,19,No,1,8,3,0,7,50,Female,Married,Life Sciences,3,28,3,2,3,1,1,2
Yes,Sales,Sales Executive,1,40,Travel Rarely,46,11,No,1,6,4,0,3,25,Male,Single,Marketing,1,6,3,3,2,3,4,3
No,Research & Development,Research Scientist,1,40,Travel Rarely,64,11,Yes,2,2,2,2,1,25,Male,Married,Medical,1,2,3,4,2,4,3,3
No,Research & Development,Laboratory Technician,1,40,Travel Rarely,59,15,No,5,0,0,0,0,22,Female,Single,Medical,1,1,3,4,3,2,3,3
No,Research & Development,Healthcare Representative,1,40,Travel Frequently,30,20,No,1,13,12,12,8,51,Female,Single,Medical,3,23,4,1,2,1,3,2
Yes,Research & Development,Laboratory Technician,1,40,Travel Frequently,66,24,No,3,9,7,0,6,34,Male,Single,Life Sciences,1,9,4,3,1,1,4,3
No,Human Resources,Manager,1,40,No Travel,30,12,No,3,5,3,4,4,54,Female,Single,Human Resources,2,23,3,4,4,4,3,3
No,Research & Development,Laboratory Technician,1,40,Travel Rarely,52,12,Yes,2,5,3,1,2,24,Male,Married,Life Sciences,0,6,3,3,3,2,3,3
No,Research & Development,Research Scientist,1,40,Travel Rarely,45,15,Yes,3,1,0,0,0,34,Female,Divorced,Life Sciences,6,12,3,2,2,3,3,3
No,Sales,Sales Executive,1,40,Travel Rarely,87,12,No,3,5,3,1,3,37,Male,Single,Life Sciences,2,12,3,4,3,3,1,3
No,Research & Development,Manager,1,40,Travel Rarely,45,12,No,6,11,10,5,8,34,Female,Single,Medical,2,14,3,1,2,3,4,3
No,Sales,Sales Executive,1,40,Travel Frequently,92,14,Yes,6,9,7,2,8,36,Female,Married,Technical Degree,0,10,3,4,3,2,3,3
No,Research & Development,Laboratory Technician,1,40,Travel Rarely,39,22,Yes,2,1,0,0,0,36,Female,Divorced,Life Sciences,5,7,4,4,3,1,1,3
No,Sales,Manager,1,40,Travel Frequently,92,12,Yes,3,25,12,4,12,43,Male,Married,Life Sciences,1,25,3,4,3,3,4,4
No,Research & Development,Research Scientist,1,40,Travel Frequently,96,25,Yes,2,10,7,0,9,30,Male,Divorced,Life Sciences,1,10,4,3,1,1,3,2
No,Sales,Sales Executive,1,40,No Travel,95,13,Yes,2,7,7,0,7,33,Male,Married,Marketing,0,8,3,2,3,3,1,4
Yes,Research & Development,Research Scientist,1,40,Travel Rarely,72,18,Yes,2,5,4,4,3,56,Female,Married,Life Sciences,9,7,3,2,3,2,1,3
No,Research & Development,Research Director,1,40,Travel Rarely,51,13,No,5,20,18,15,15,51,Male,Single,Life Sciences,7,23,3,3,3,1,3,3
Yes,Sales,Sales Executive,1,40,Travel Rarely,76,18,No,3,7,7,7,7,31,Male,Married,Life Sciences,4,12,3,3,1,2,2,2
No,Research & Development,Research Scientist,1,40,Travel Rarely,46,19,No,3,5,4,4,3,26,Female,Married,Other,1,5,3,2,2,3,3,2
Yes,Research & Development,Healthcare Representative,1,40,Travel Rarely,94,12,Yes,3,40,10,15,6,58,Female,Married,Medical,1,40,3,4,3,4,4,2
Yes,Sales,Sales Representative,1,40,Travel Rarely,50,19,No,2,0,0,0,0,19,Male,Single,Marketing,1,0,3,3,3,4,4,2
No,Research & Development,Laboratory Technician,1,40,Travel Rarely,100,14,Yes,2,2,1,2,1,22,Male,Married,Technical Degree,0,3,3,4,3,3,3,3
No,Research & Development,Manufacturing Director,1,40,Travel Rarely,96,14,No,2,15,11,5,11,49,Female,Married,Medical,1,16,3,1,3,3,3,2
No,Research & Development,Research Scientist,1,40,Travel Frequently,72,12,No,2,3,2,1,2,43,Female,Single,Medical,4,18,3,3,4,2,4,3
No,Sales,Sales Executive,1,40,Travel Frequently,77,11,No,3,2,2,2,1,50,Female,Single,Marketing,4,16,3,4,3,3,4,3
Yes,Sales,Sales Executive,1,40,Travel Rarely,71,11,Yes,2,2,2,2,2,31,Female,Married,Life Sciences,3,4,3,3,1,2,3,3
No,Sales,Sales Executive,1,40,Travel Rarely,96,13,Yes,2,9,7,0,7,41,Male,Divorced,Life Sciences,3,12,3,3,3,3,3,3
No,Human Resources,Human Resources,1,40,Travel Rarely,61,23,Yes,3,8,7,5,7,26,Female,Married,Life Sciences,1,8,4,3,3,3,4,3
No,Research & Development,Manufacturing Director,1,40,Travel Rarely,84,20,Yes,0,3,2,0,1,36,Male,Divorced,Medical,6,7,4,2,3,2,4,3
Yes,Research & Development,Manufacturing Director,1,40,Travel Frequently,53,15,No,2,4,2,0,3,51,Male,Single,Life Sciences,2,18,3,4,1,1,4,3
No,Sales,Sales Executive,1,40,Travel Rarely,47,14,Yes,1,15,11,5,9,39,Female,Married,Life Sciences,4,17,3,3,2,4,3,4
No,Sales,Sales Executive,1,40,Travel Rarely,41,18,No,3,2,2,2,2,25,Male,Married,Life Sciences,2,6,3,3,2,1,4,3
No,Human Resources,Human Resources,1,40,Travel Rarely,48,19,No,2,11,9,4,7,30,Male,Married,Human Resources,0,12,3,4,3,3,4,1
Yes,Research & Development,Laboratory Technician,1,40,Travel Rarely,41,22,No,2,5,4,0,4,32,Female,Single,Medical,7,10,4,1,3,1,1,4
No,Research & Development,Research Scientist,1,40,Travel Rarely,83,13,No,2,6,5,0,3,45,Male,Single,Medical,5,9,3,4,3,3,2,2
No,Research & Development,Research Scientist,1,40,Travel Rarely,32,20,No,2,3,2,2,2,38,Female,Single,Technical Degree,3,19,4,3,3,4,2,3
No,Research & Development,Research Scientist,1,40,Travel Rarely,75,14,No,4,5,4,0,4,30,Female,Single,Life Sciences,1,5,3,3,3,1,3,2
No,Sales,Sales Executive,1,40,Travel Frequently,35,17,Yes,2,8,7,0,7,32,Male,Divorced,Medical,0,9,3,4,1,4,4,4
No,Research & Development,Research Scientist,1,40,Travel Rarely,84,14,Yes,3,3,2,2,2,30,Female,Divorced,Technical Degree,5,8,3,1,3,4,4,3
No,Research & Development,Laboratory Technician,1,40,Travel Rarely,35,13,No,3,5,3,1,2,30,Male,Single,Medical,0,6,3,4,2,2,4,3
No,Research & Development,Manager,1,40,Travel Frequently,91,13,Yes,2,7,6,7,7,41,Male,Divorced,Life Sciences,4,21,3,1,2,4,2,2
No,Research & Development,Laboratory Technician,1,40,Travel Rarely,94,21,Yes,2,5,0,1,4,41,Male,Married,Life Sciences,2,7,4,1,3,3,4,3
No,Research & Development,Laboratory Technician,1,40,Travel Rarely,79,14,No,3,1,0,0,0,19,Female,Single,Medical,1,1,3,2,3,2,4,3
No,Research & Development,Research Scientist,1,40,Travel Frequently,54,11,Yes,2,20,7,2,13,40,Female,Divorced,Medical,1,20,3,2,3,2,1,3
No,Sales,Sales Executive,1,40,Travel Rarely,94,13,Yes,3,10,8,0,6,35,Male,Married,Marketing,1,10,3,2,3,3,1,3
No,Sales,Sales Representative,1,40,Travel Rarely,34,20,Yes,3,7,7,4,5,53,Male,Married,Marketing,2,13,4,3,3,2,4,1
No,Research & Development,Laboratory Technician,1,40,Travel Rarely,60,18,Yes,2,17,9,0,15,45,Male,Divorced,Life Sciences,8,20,3,2,3,2,3,1
No,Sales,Sales Executive,1,40,Travel Frequently,43,14,No,2,9,8,3,7,32,Female,Single,Marketing,1,9,3,4,3,2,4,3
No,Research & Development,Manufacturing Director,1,40,No Travel,41,13,Yes,1,10,7,0,9,29,Male,Married,Technical Degree,1,10,3,3,3,4,1,3
No,Research & Development,Manufacturing Director,1,40,Travel Rarely,34,17,No,2,1,0,0,0,51,Male,Married,Medical,2,10,3,3,2,2,3,3
No,Research & Development,Research Scientist,1,40,Travel Rarely,75,20,Yes,3,1,0,0,0,58,Female,Married,Medical,4,9,4,2,2,2,2,2
No,Sales,Sales Executive,1,40,Travel Rarely,67,11,Yes,2,12,11,2,11,40,Male,Married,Marketing,7,15,3,4,2,3,1,2
No,Sales,Sales Representative,1,40,Travel Frequently,75,18,Yes,3,4,3,1,2,34,Female,Married,Marketing,6,6,3,3,3,3,4,3
No,Research & Development,Research Scientist,1,40,Travel Rarely,80,24,Yes,6,2,2,2,2,22,Male,Married,Medical,1,2,4,4,3,3,1,3
No,Research & Development,Research Scientist,1,40,No Travel,57,18,Yes,1,2,2,2,2,27,Male,Divorced,Medical,6,6,3,2,3,4,4,1
No,Research & Development,Research Scientist,1,40,Travel Rarely,42,11,Yes,2,5,2,0,2,28,Male,Married,Medical,1,5,3,4,3,3,3,1
No,Research & Development,Healthcare Representative,1,40,Travel Rarely,83,16,Yes,2,5,3,1,4,57,Male,Divorced,Life Sciences,3,12,3,4,4,3,2,1
No,Research & Development,Research Scientist,1,40,No Travel,79,15,Yes,2,1,1,0,1,27,Male,Divorced,Medical,1,1,3,3,2,3,4,2
No,Research & Development,Manager,1,40,Travel Rarely,53,15,No,5,5,4,4,4,50,Female,Single,Life Sciences,3,21,3,2,3,3,2,3
No,Research & Development,Research Scientist,1,40,Travel Rarely,56,12,Yes,2,9,8,1,8,41,Male,Divorced,Life Sciences,4,13,3,3,3,1,1,3
No,Sales,Sales Executive,1,40,Travel Rarely,41,12,Yes,2,10,9,7,4,30,Female,Married,Life Sciences,2,12,3,4,3,2,3,3
No,Sales,Sales Executive,1,40,Travel Rarely,59,22,No,2,8,3,0,7,38,Female,Single,Life Sciences,4,12,4,4,2,1,3,4
No,Research & Development,Research Scientist,1,40,Travel Rarely,43,20,No,2,5,4,1,4,32,Male,Single,Life Sciences,3,8,4,3,3,3,1,3
No,Research & Development,Research Scientist,1,40,Travel Rarely,51,16,Yes,3,5,2,1,1,27,Male,Married,Technical Degree,0,6,3,2,3,3,4,2
Yes,Sales,Sales Representative,1,40,Travel Frequently,100,21,No,5,0,0,0,0,19,Female,Single,Technical Degree,0,1,4,1,1,3,1,4
No,Research & Development,Laboratory Technician,1,40,Travel Frequently,30,12,No,3,8,7,7,2,36,Male,Single,Medical,4,13,3,2,3,4,3,2
No,Research & Development,Laboratory Technician,1,40,No Travel,66,11,Yes,4,12,9,6,10,30,Male,Divorced,Medical,1,12,3,1,3,3,3,3
No,Sales,Sales Executive,1,40,Travel Rarely,30,11,Yes,3,5,4,0,3,45,Female,Divorced,Life Sciences,4,9,3,1,3,3,1,4
No,Research & Development,Research Scientist,1,40,Travel Rarely,67,18,Yes,3,2,2,2,2,56,Female,Divorced,Life Sciences,4,19,3,1,3,3,3,3
No,Research & Development,Research Scientist,1,40,Travel Rarely,90,14,No,2,3,1,0,2,33,Male,Single,Life Sciences,0,4,3,4,3,3,1,4
Yes,Research & Development,Laboratory Technician,1,40,Travel Rarely,47,22,No,3,1,0,1,0,19,Male,Single,Life Sciences,1,1,4,4,2,2,3,2
No,Sales,Sales Executive,1,40,Travel Rarely,92,25,Yes,2,24,13,15,7,46,Female,Divorced,Marketing,1,24,4,1,3,2,3,3
No,Research & Development,Laboratory Technician,1,40,Travel Rarely,75,12,No,3,2,2,2,1,38,Female,Single,Life Sciences,1,2,3,4,3,3,3,3
No,Research & Development,Research Scientist,1,40,Travel Rarely,95,23,Yes,0,4,2,0,2,31,Female,Married,Medical,8,7,4,4,3,3,3,3
No,Research & Development,Research Scientist,1,40,Travel Rarely,95,15,No,3,3,2,1,2,34,Female,Single,Medical,2,9,3,2,3,4,4,3
Yes,Sales,Sales Representative,1,40,Travel Rarely,70,22,No,5,4,3,0,2,41,Female,Single,Marketing,1,4,4,2,3,2,4,2
No,Research & Development,Laboratory Technician,1,40,Travel Rarely,86,15,Yes,2,3,2,0,2,50,Male,Married,Medical,2,5,3,3,2,3,4,2
No,Research & Development,Manufacturing Director,1,40,Travel Rarely,57,11,Yes,3,4,2,1,3,53,Female,Divorced,Medical,1,5,3,1,4,4,3,3
No,Research & Development,Research Scientist,1,40,Travel Rarely,72,13,Yes,5,8,7,1,6,33,Female,Married,Medical,1,8,3,2,3,4,4,3
No,Research & Development,Manager,1,40,Travel Rarely,46,14,Yes,2,20,8,9,9,40,Female,Married,Medical,1,21,3,3,3,4,2,3
No,Research & Development,Research Director,1,40,Travel Rarely,61,11,No,3,24,15,2,15,55,Male,Single,Medical,8,36,3,2,4,3,4,3
No,Research & Development,Manufacturing Director,1,40,Travel Frequently,45,17,No,2,10,9,1,9,34,Male,Married,Life Sciences,1,10,3,3,2,4,3,2
No,Research & Development,Healthcare Representative,1,40,Travel Rarely,98,18,No,6,7,7,1,0,51,Female,Single,Medical,3,21,3,2,3,4,3,3
No,Research & Development,Manager,1,40,Travel Rarely,65,14,Yes,5,33,18,11,9,52,Male,Married,Life Sciences,0,34,3,3,2,3,1,3
No,Research & Development,Research Scientist,1,40,Travel Rarely,99,16,No,2,7,7,0,3,27,Female,Single,Medical,1,7,3,2,3,4,4,2
Yes,Research & Development,Manufacturing Director,1,40,Travel Rarely,50,13,No,1,1,0,0,1,35,Male,Married,Life Sciences,3,8,3,3,2,2,1,3
No,Research & Development,Research Scientist,1,40,No Travel,37,14,Yes,3,5,4,2,2,43,Male,Divorced,Medical,4,7,3,4,4,4,4,4
No,Research & Development,Manager,1,40,No Travel,65,23,Yes,1,20,8,11,8,45,Male,Married,Medical,9,22,4,4,2,1,4,3
No,Research & Development,Research Scientist,1,40,Travel Rarely,65,12,Yes,3,8,7,1,7,37,Male,Married,Life Sciences,1,8,3,1,4,2,1,2
No,Research & Development,Laboratory Technician,1,40,Travel Frequently,37,11,No,5,6,2,1,2,35,Female,Single,Medical,5,10,3,2,3,2,4,3
No,Research & Development,Manufacturing Director,1,40,No Travel,36,16,Yes,5,5,3,0,2,42,Female,Divorced,Medical,2,11,3,3,3,3,2,3
No,Research & Development,Manufacturing Director,1,40,Travel Rarely,88,14,No,3,1,0,0,0,38,Male,Married,Life Sciences,9,14,3,3,3,4,2,3
No,Research & Development,Manufacturing Director,1,40,Travel Rarely,54,18,Yes,3,7,7,1,7,38,Male,Married,Technical Degree,3,9,3,4,3,4,1,1
No,Research & Development,Manufacturing Director,1,40,Travel Frequently,60,19,Yes,1,2,2,2,0,27,Male,Married,Technical Degree,5,6,3,1,2,3,3,3
No,Research & Development,Manufacturing Director,1,40,No Travel,92,15,Yes,0,7,7,1,7,49,Male,Divorced,Life Sciences,1,7,3,4,3,4,1,3
No,Research & Development,Research Scientist,1,40,Travel Frequently,43,17,Yes,4,5,3,2,0,34,Male,Divorced,Medical,1,5,3,3,3,4,4,4
No,Research & Development,Laboratory Technician,1,40,Travel Rarely,99,15,Yes,2,7,2,3,7,40,Male,Married,Medical,8,15,3,4,3,3,3,4
Yes,Research & Development,Healthcare Representative,1,40,Travel Rarely,70,19,No,2,1,0,0,0,38,Male,Married,Medical,7,17,3,1,3,2,2,3
Yes,Sales,Sales Executive,1,40,Travel Rarely,35,22,Yes,3,10,4,1,9,29,Female,Married,Marketing,1,10,4,4,3,2,4,2
No,Research & Development,Research Scientist,1,40,Travel Rarely,60,16,Yes,2,4,2,2,2,22,Male,Divorced,Life Sciences,1,4,3,2,4,4,1,2
No,Research & Development,Laboratory Technician,1,40,Travel Frequently,73,13,No,2,8,1,1,7,36,Female,Single,Medical,1,8,3,4,3,2,1,3
No,Research & Development,Healthcare Representative,1,40,No Travel,63,14,Yes,5,3,2,0,2,40,Male,Married,Life Sciences,9,5,3,4,2,4,4,1
No,Research & Development,Healthcare Representative,1,40,Travel Rarely,97,16,Yes,3,4,2,0,3,46,Male,Divorced,Medical,7,17,3,1,3,4,3,3
Yes,Sales,Sales Executive,1,40,Travel Rarely,32,11,No,2,14,8,9,8,32,Male,Married,Medical,1,14,3,4,1,4,3,2
No,Research & Development,Manufacturing Director,1,40,No Travel,88,22,No,2,11,8,5,8,30,Male,Single,Life Sciences,1,12,4,3,2,3,3,3
No,Sales,Sales Executive,1,40,Travel Frequently,90,14,No,2,7,7,0,7,27,Female,Single,Life Sciences,1,7,3,3,3,4,4,3
No,Research & Development,Research Director,1,40,Travel Rarely,81,16,Yes,5,10,9,4,7,51,Male,Married,Life Sciences,5,16,3,2,2,2,4,1
Yes,Research & Development,Research Scientist,1,40,Travel Rarely,88,11,No,5,5,2,0,4,30,Female,Single,Technical Degree,5,8,3,1,3,4,3,3
No,Sales,Manager,1,40,Travel Rarely,75,18,No,3,1,0,0,0,41,Female,Single,Life Sciences,3,16,3,4,3,4,3,3
Yes,Sales,Sales Executive,1,40,Travel Frequently,52,15,No,5,6,3,0,1,30,Female,Single,Marketing,5,9,3,1,2,3,3,2
Yes,Research & Development,Research Scientist,1,40,Travel Rarely,85,14,No,1,6,2,1,5,29,Male,Single,Technical Degree,0,7,3,3,3,3,4,2
No,Sales,Sales Executive,1,40,No Travel,57,12,No,2,19,7,12,8,45,Female,Single,Medical,6,23,3,4,2,4,4,3
No,Sales,Sales Executive,1,40,Travel Rarely,52,14,Yes,4,6,2,0,5,54,Female,Married,Marketing,2,16,3,1,3,4,4,3
No,Research & Development,Laboratory Technician,1,40,Travel Rarely,62,16,No,3,13,11,3,7,36,Male,Single,Life Sciences,8,16,3,2,3,4,4,4
No,Research & Development,Research Scientist,1,40,Travel Rarely,47,21,No,3,3,2,1,1,33,Female,Married,Medical,6,7,4,2,2,3,4,3
No,Research & Development,Research Director,1,40,Travel Frequently,47,14,Yes,1,10,8,0,7,37,Male,Divorced,Other,1,10,3,4,3,2,3,3
No,Sales,Sales Executive,1,40,Travel Rarely,76,12,Yes,6,16,10,5,13,38,Male,Divorced,Life Sciences,0,17,3,3,3,1,3,2
No,Research & Development,Manufacturing Director,1,40,No Travel,90,12,Yes,2,5,4,1,4,31,Male,Married,Medical,0,6,3,3,1,3,4,3
No,Research & Development,Research Scientist,1,40,Travel Rarely,70,17,Yes,6,1,0,0,0,59,Male,Married,Life Sciences,3,7,3,4,2,3,1,3
No,Sales,Sales Representative,1,40,Travel Frequently,41,17,Yes,2,9,8,5,8,37,Male,Divorced,Marketing,4,13,3,4,3,1,3,3
No,Sales,Sales Executive,1,40,Travel Frequently,42,14,Yes,5,11,10,4,1,29,Female,Married,Medical,1,11,3,4,3,2,4,3
No,Sales,Sales Executive,1,40,Travel Frequently,92,14,No,3,10,7,0,8,35,Female,Single,Marketing,1,10,3,3,3,3,1,4
Yes,Research & Development,Research Scientist,1,40,Travel Rarely,86,13,No,3,4,3,0,1,29,Male,Single,Medical,1,4,3,4,2,3,3,2
No,Research & Development,Laboratory Technician,1,40,Travel Rarely,89,15,No,3,2,2,2,2,52,Female,Single,Life Sciences,7,6,3,4,2,3,2,2
No,Research & Development,Manager,1,40,Travel Rarely,58,11,No,3,22,17,11,15,42,Male,Married,Technical Degree,1,22,3,4,3,3,4,3
No,Human Resources,Human Resources,1,40,Travel Rarely,52,17,No,2,2,2,2,2,59,Male,Married,Medical,8,7,3,3,3,2,4,2
No,Sales,Manager,1,40,Travel Rarely,68,11,Yes,3,7,0,0,6,50,Female,Divorced,Medical,3,32,3,4,3,4,3,2
Yes,Research & Development,Laboratory Technician,1,40,Travel Rarely,58,13,Yes,2,5,4,0,4,33,Male,Married,Medical,5,8,3,4,3,3,3,1
No,Sales,Manager,1,40,Travel Rarely,80,22,Yes,3,17,13,1,9,43,Female,Married,Marketing,5,22,4,4,3,4,3,3
Yes,Research & Development,Laboratory Technician,1,40,Travel Rarely,39,20,No,3,9,7,1,7,33,Female,Married,Life Sciences,7,13,4,1,3,1,1,4
No,Sales,Manager,1,40,No Travel,79,18,No,2,33,7,15,12,52,Male,Single,Life Sciences,1,33,3,3,2,1,4,4
No,Sales,Sales Representative,1,40,Travel Rarely,56,11,Yes,5,4,3,1,2,32,Female,Married,Life Sciences,2,6,3,2,3,3,1,3
Yes,Research & Development,Laboratory Technician,1,40,Travel Rarely,62,14,No,2,3,2,1,2,32,Male,Single,Life Sciences,0,4,3,3,2,4,4,1
No,Research & Development,Laboratory Technician,1,40,Travel Rarely,96,14,Yes,1,3,2,1,2,39,Female,Divorced,Medical,7,7,3,3,3,3,3,3
No,Sales,Sales Executive,1,40,No Travel,100,18,No,2,3,2,2,2,32,Male,Married,Marketing,0,4,3,4,3,3,1,3
No,Research & Development,Research Scientist,1,40,Travel Rarely,36,16,Yes,2,1,0,0,0,41,Male,Divorced,Life Sciences,2,17,3,1,3,3,1,2
No,Research & Development,Research Scientist,1,40,Travel Rarely,62,17,Yes,3,9,8,4,7,40,Male,Divorced,Technical Degree,1,9,3,4,3,1,1,3
No,Research & Development,Manager,1,40,Travel Rarely,70,11,Yes,2,24,0,1,7,45,Male,Married,Other,0,25,3,4,4,3,3,3
No,Research & Development,Research Director,1,40,Travel Frequently,73,12,Yes,3,2,2,2,2,31,Male,Divorced,Medical,9,9,3,3,3,2,1,3
No,Research & Development,Research Scientist,1,40,Travel Rarely,63,13,Yes,2,2,2,0,2,33,Female,Married,Life Sciences,1,2,3,4,2,3,3,2
No,Research & Development,Manufacturing Director,1,40,Travel Rarely,84,13,Yes,3,11,9,5,9,34,Male,Married,Life Sciences,6,13,3,1,2,4,2,3
No,Research & Development,Research Scientist,1,40,Travel Rarely,83,14,Yes,2,3,1,0,2,37,Female,Married,Medical,2,17,3,1,2,3,1,2
No,Research & Development,Manufacturing Director,1,40,Travel Frequently,77,17,Yes,1,3,2,0,2,45,Male,Married,Life Sciences,4,9,3,3,4,1,4,3
Yes,Research & Development,Manufacturing Director,1,40,Travel Frequently,61,11,Yes,5,1,0,0,0,37,Male,Divorced,Medical,6,17,3,3,3,1,2,3
No,Research & Development,Healthcare Representative,1,40,Travel Frequently,64,25,No,1,19,6,11,8,39,Female,Single,Technical Degree,0,20,4,3,3,3,4,3
No,Research & Development,Research Scientist,1,40,Travel Rarely,60,19,No,1,6,5,1,5,29,Male,Single,Life Sciences,1,6,3,4,3,3,1,3
No,Research & Development,Research Scientist,1,40,Travel Rarely,82,13,No,1,3,2,0,2,42,Female,Single,Life Sciences,3,10,3,1,4,4,3,3
No,Sales,Sales Executive,1,40,Travel Rarely,45,14,Yes,2,3,2,0,2,29,Male,Divorced,Marketing,2,10,3,4,3,4,4,3
No,Research & Development,Manufacturing Director,1,40,Travel Rarely,62,12,Yes,3,4,2,1,2,25,Female,Married,Life Sciences,0,5,3,3,3,1,4,3
No,Research & Development,Laboratory Technician,1,40,Travel Rarely,56,11,Yes,4,9,6,7,8,42,Female,Divorced,Medical,0,10,3,1,2,4,3,3
No,Research & Development,Research Director,1,40,Travel Rarely,49,19,Yes,5,21,7,3,9,40,Male,Divorced,Medical,0,22,3,3,3,1,4,3
No,Research & Development,Research Scientist,1,40,Travel Rarely,96,11,No,0,1,0,0,0,51,Male,Married,Life Sciences,1,1,3,4,3,3,2,2
Yes,Research & Development,Laboratory Technician,1,40,Travel Frequently,71,11,No,2,5,4,1,4,31,Male,Single,Medical,0,6,3,2,2,3,2,4
No,Research & Development,Laboratory Technician,1,40,Travel Frequently,100,20,No,3,5,1,0,3,32,Male,Married,Life Sciences,1,5,4,2,4,2,3,1
No,Sales,Sales Executive,1,40,No Travel,39,18,Yes,0,8,7,7,5,38,Male,Married,Life Sciences,3,13,3,4,2,4,4,3
No,Research & Development,Laboratory Technician,1,40,Travel Rarely,84,13,No,5,6,2,0,4,32,Male,Single,Technical Degree,4,9,3,1,2,4,4,3
No,Sales,Manager,1,40,Travel Rarely,75,12,Yes,2,7,7,7,7,46,Female,Married,Technical Degree,3,28,3,2,1,3,2,2
Yes,Research & Development,Laboratory Technician,1,40,Travel Rarely,79,11,No,5,0,0,0,0,28,Male,Single,Life Sciences,2,5,3,3,3,1,3,1
No,Sales,Sales Executive,1,40,Travel Rarely,78,19,Yes,2,0,0,0,0,29,Male,Married,Medical,2,10,3,2,2,1,2,3
No,Research & Development,Healthcare Representative,1,40,Travel Rarely,64,21,Yes,2,9,0,7,8,31,Male,Married,Medical,0,10,4,4,2,2,2,3
No,Research & Development,Healthcare Representative,1,40,No Travel,85,12,Yes,2,6,3,1,5,25,Male,Divorced,Life Sciences,1,6,3,1,4,2,4,3
No,Research & Development,Healthcare Representative,1,40,Travel Rarely,79,14,No,2,20,7,4,10,45,Male,Married,Medical,0,21,3,4,3,3,2,3
No,Research & Development,Laboratory Technician,1,40,Travel Rarely,47,11,Yes,4,15,13,10,11,36,Male,Married,Life Sciences,0,16,3,4,3,4,3,3
No,Research & Development,Manager,1,40,Travel Rarely,81,14,No,2,36,10,4,13,55,Male,Single,Medical,0,37,3,1,3,4,3,3
Yes,Research & Development,Manager,1,40,No Travel,88,12,Yes,2,10,7,9,9,47,Male,Married,Life Sciences,1,10,3,2,3,1,4,2
No,Research & Development,Research Scientist,1,40,Travel Rarely,94,23,Yes,3,5,2,0,4,28,Male,Married,Medical,1,5,4,4,3,4,4,2
No,Sales,Sales Executive,1,40,Travel Rarely,98,14,Yes,5,5,4,0,1,37,Male,Married,Medical,4,7,3,4,3,3,2,4
No,Research & Development,Research Scientist,1,40,Travel Rarely,100,17,No,4,3,2,1,0,21,Male,Single,Medical,1,3,3,3,2,4,1,4
No,Research & Development,Research Director,1,40,No Travel,80,18,Yes,2,5,2,0,2,37,Female,Divorced,Medical,2,15,3,4,3,1,1,3
No,Research & Development,Manager,1,40,Travel Rarely,71,18,Yes,6,7,7,6,2,35,Female,Divorced,Life Sciences,7,10,3,2,4,2,2,2
No,Sales,Sales Executive,1,40,Travel Rarely,44,24,Yes,3,8,0,7,7,38,Female,Divorced,Medical,1,8,4,1,4,1,3,3
No,Research & Development,Manufacturing Director,1,40,Travel Frequently,84,20,Yes,6,6,5,1,4,26,Female,Divorced,Life Sciences,1,6,4,2,3,3,1,1
No,Research & Development,Research Director,1,40,Travel Rarely,96,14,Yes,4,10,4,1,6,50,Male,Divorced,Life Sciences,3,28,3,2,3,1,1,2
No,Research & Development,Research Director,1,40,Travel Rarely,45,16,Yes,5,5,3,1,3,53,Male,Married,Medical,3,21,3,3,3,3,4,2
No,Sales,Sales Executive,1,40,Travel Rarely,99,25,No,3,20,16,11,6,42,Male,Married,Life Sciences,1,20,4,3,3,2,3,3
No,Sales,Sales Executive,1,40,Travel Frequently,44,18,No,3,10,7,0,9,29,Male,Single,Life Sciences,1,10,3,4,3,2,1,2
No,Research & Development,Laboratory Technician,1,40,Travel Rarely,37,19,Yes,4,10,7,0,8,55,Male,Married,Technical Degree,3,12,3,4,3,2,4,3
No,Research & Development,Healthcare Representative,1,40,Travel Frequently,60,13,Yes,3,5,3,3,3,26,Male,Married,Medical,1,5,3,1,3,1,3,3
No,Research & Development,Research Scientist,1,40,Travel Rarely,42,12,No,3,17,12,5,7,37,Female,Single,Life Sciences,1,17,3,4,3,4,2,3
Yes,Research & Development,Laboratory Technician,1,40,Travel Frequently,43,22,Yes,0,1,0,0,0,44,Male,Divorced,Life Sciences,3,19,4,3,3,4,4,1
No,Research & Development,Healthcare Representative,1,40,Travel Rarely,82,14,Yes,2,2,2,1,2,38,Male,Divorced,Life Sciences,9,10,3,4,3,4,2,3
Yes,Research & Development,Laboratory Technician,1,40,Travel Rarely,45,13,Yes,2,3,2,0,2,26,Male,Divorced,Medical,2,5,3,2,3,1,4,3
No,Research & Development,Research Scientist,1,40,Travel Rarely,66,21,No,3,5,3,0,2,28,Female,Single,Life Sciences,1,5,4,4,3,4,4,3
No,Research & Development,Research Director,1,40,Travel Frequently,35,11,No,4,3,2,1,2,49,Female,Single,Life Sciences,9,22,3,1,3,3,4,3
No,Research & Development,Research Scientist,1,40,Travel Rarely,30,12,No,2,8,0,7,7,36,Male,Single,Technical Degree,4,10,3,2,3,3,4,3
No,Sales,Sales Representative,1,40,Travel Frequently,84,11,Yes,5,2,2,2,2,31,Female,Divorced,Marketing,1,2,3,2,3,4,3,2
Yes,Sales,Sales Executive,1,40,Travel Rarely,48,12,No,0,8,7,7,4,26,Male,Single,Marketing,1,8,3,4,2,4,2,3
No,Research & Development,Research Scientist,1,40,Travel Frequently,53,12,Yes,3,4,2,1,2,37,Male,Married,Medical,1,4,3,4,3,2,3,2
No,Sales,Sales Executive,1,40,Travel Frequently,77,14,Yes,2,20,4,4,8,42,Female,Married,Marketing,5,23,3,2,3,3,4,4
Yes,Research & Development,Laboratory Technician,1,40,Travel Rarely,54,13,No,2,0,0,0,0,18,Male,Single,Life Sciences,1,0,3,3,3,3,3,3
No,Sales,Sales Executive,1,40,Travel Rarely,96,15,Yes,3,11,9,6,9,35,Male,Married,Marketing,0,12,3,2,3,3,3,2
No,Research & Development,Laboratory Technician,1,40,Travel Frequently,81,18,Yes,2,1,0,0,0,36,Male,Married,Life Sciences,4,4,3,4,4,3,4,3
No,Research & Development,Manufacturing Director,1,40,Travel Rarely,84,18,Yes,3,4,1,1,2,51,Male,Divorced,Medical,5,13,3,2,1,4,4,3
No,Sales,Manager,1,40,Travel Rarely,88,19,No,2,22,10,0,4,41,Male,Single,Life Sciences,1,22,3,2,3,4,2,3
No,Sales,Sales Representative,1,40,Travel Rarely,69,12,No,2,0,0,0,0,18,Female,Single,Medical,1,0,3,3,2,4,1,3
No,Research & Development,Healthcare Representative,1,40,Travel Rarely,68,19,No,2,8,3,0,7,28,Male,Single,Medical,0,9,3,1,4,2,3,3
No,Sales,Sales Executive,1,40,Travel Rarely,100,11,Yes,3,8,7,7,7,31,Male,Married,Technical Degree,4,10,3,4,4,2,2,2
No,Research & Development,Healthcare Representative,1,40,Travel Rarely,48,17,Yes,5,18,10,3,7,39,Male,Divorced,Medical,0,19,3,4,4,3,1,2
No,Research & Development,Laboratory Technician,1,40,No Travel,47,15,Yes,3,9,8,0,8,36,Female,Married,Life Sciences,7,11,3,2,3,2,3,3
No,Sales,Sales Executive,1,40,Travel Rarely,91,14,Yes,3,13,8,4,8,32,Male,Married,Life Sciences,1,13,3,3,2,4,3,2
No,Research & Development,Research Director,1,40,Travel Rarely,81,17,Yes,2,10,8,0,1,38,Female,Married,Life Sciences,3,19,3,2,2,1,3,3
No,Research & Development,Healthcare Representative,1,40,No Travel,32,13,Yes,2,5,3,1,2,58,Male,Divorced,Life Sciences,2,12,3,3,1,4,4,3
No,Research & Development,Research Scientist,1,40,Travel Rarely,86,12,Yes,4,5,2,0,3,31,Male,Married,Technical Degree,0,6,3,4,3,3,3,3
No,Human Resources,Human Resources,1,40,Travel Rarely,62,12,No,1,2,2,1,0,31,Male,Married,Human Resources,3,9,3,1,2,1,4,3
No,Research & Development,Laboratory Technician,1,40,Travel Frequently,97,18,Yes,2,24,9,9,11,45,Male,Divorced,Life Sciences,1,24,3,1,3,1,1,3
No,Research & Development,Research Scientist,1,40,Travel Rarely,32,18,Yes,2,2,2,2,2,31,Male,Divorced,Life Sciences,0,3,3,4,3,3,2,1
No,Research & Development,Manager,1,40,Travel Frequently,74,11,Yes,2,10,6,8,8,33,Female,Married,Life Sciences,6,12,3,2,3,4,2,3
No,Research & Development,Manager,1,40,Travel Rarely,99,14,No,3,21,9,11,10,39,Male,Married,Medical,1,21,3,1,3,3,4,3
No,Research & Development,Laboratory Technician,1,40,Travel Frequently,33,19,No,5,8,7,1,7,43,Female,Single,Life Sciences,0,9,3,4,3,3,1,3
No,Research & Development,Healthcare Representative,1,40,Travel Rarely,90,12,No,2,7,1,0,7,49,Female,Single,Technical Degree,7,25,3,3,2,3,4,3
Yes,Research & Development,Research Scientist,1,40,Travel Rarely,85,15,No,3,8,2,7,7,52,Male,Married,Medical,2,11,3,2,2,3,1,2
No,Research & Development,Research Scientist,1,40,Travel Rarely,85,12,No,2,4,3,1,2,27,Female,Single,Life Sciences,1,4,3,2,3,3,2,2
No,Sales,Sales Executive,1,40,Travel Rarely,65,11,No,2,13,12,11,9,32,Female,Married,Technical Degree,1,13,3,2,2,3,4,3
No,Sales,Sales Executive,1,40,Travel Rarely,74,11,No,3,5,4,0,4,27,Male,Single,Life Sciences,1,5,3,3,3,4,1,3
No,Sales,Sales Executive,1,40,Travel Rarely,73,12,Yes,3,7,7,1,7,31,Male,Divorced,Marketing,4,13,3,4,3,4,4,3
No,Research & Development,Research Scientist,1,40,Travel Rarely,74,16,No,0,7,7,0,7,32,Female,Single,Medical,7,10,3,4,4,1,3,2
Yes,Research & Development,Research Scientist,1,40,Travel Rarely,84,13,No,4,3,2,2,2,28,Male,Married,Medical,5,5,3,4,1,1,4,2
No,Research & Development,Research Scientist,1,40,Travel Rarely,64,13,Yes,2,10,8,1,9,30,Female,Married,Medical,1,11,3,4,3,4,4,3
No,Research & Development,Manufacturing Director,1,40,Travel Frequently,48,24,Yes,2,10,9,8,9,31,Female,Married,Life Sciences,1,10,4,3,2,3,1,3
No,Research & Development,Manager,1,40,Travel Frequently,54,15,Yes,2,21,9,13,3,39,Male,Married,Medical,1,21,3,4,2,3,1,3
Yes,Sales,Sales Executive,1,40,Travel Rarely,41,18,No,3,1,0,0,0,39,Female,Married,Medical,4,12,3,3,3,4,1,2
No,Sales,Sales Executive,1,40,Travel Frequently,46,14,No,6,7,7,0,1,33,Male,Single,Marketing,3,9,3,4,2,2,3,2
No,Research & Development,Research Director,1,40,Travel Rarely,42,11,Yes,2,3,2,1,1,47,Male,Married,Life Sciences,4,21,3,3,3,4,2,3
No,Research & Development,Laboratory Technician,1,40,Travel Frequently,82,11,Yes,3,9,7,0,0,43,Female,Divorced,Life Sciences,1,9,3,3,2,3,2,4
No,Sales,Sales Executive,1,40,No Travel,73,13,Yes,0,5,4,1,4,27,Male,Married,Marketing,0,6,3,2,3,3,4,3
No,Research & Development,Research Scientist,1,40,Travel Frequently,31,12,No,4,4,3,0,3,54,Female,Single,Life Sciences,3,20,3,3,3,4,4,2
No,Research & Development,Healthcare Representative,1,40,Travel Rarely,43,16,Yes,1,1,0,0,0,43,Female,Married,Life Sciences,8,10,3,1,3,3,1,2
No,Research & Development,Research Scientist,1,40,Travel Rarely,75,14,Yes,3,10,9,9,8,45,Male,Married,Other,9,12,3,4,3,4,1,3
No,Sales,Sales Executive,1,40,Travel Rarely,57,22,Yes,2,4,3,0,2,40,Male,Married,Medical,2,6,4,4,1,2,3,2
Yes,Research & Development,Laboratory Technician,1,40,Travel Rarely,77,11,No,4,7,7,0,7,29,Male,Married,Other,1,7,3,1,1,2,4,2
No,Research & Development,Laboratory Technician,1,40,Travel Rarely,30,17,No,2,3,2,2,2,29,Male,Single,Other,0,4,3,4,2,2,3,3
No,Sales,Sales Executive,1,40,Travel Rarely,30,13,Yes,2,10,9,1,2,30,Female,Divorced,Marketing,1,10,3,3,2,4,3,3
No,Sales,Sales Executive,1,40,Travel Rarely,56,18,Yes,3,8,7,0,7,27,Female,Married,Marketing,1,8,3,2,3,2,1,3
No,Research & Development,Manufacturing Director,1,40,Travel Rarely,61,16,Yes,2,6,2,0,4,37,Male,Divorced,Medical,7,8,3,4,3,4,3,2
No,Research & Development,Research Director,1,40,Travel Rarely,92,14,Yes,3,11,10,2,9,38,Male,Divorced,Life Sciences,0,12,3,4,2,3,2,3
No,Research & Development,Manufacturing Director,1,40,Travel Rarely,39,14,No,2,11,9,4,10,31,Female,Single,Medical,1,11,3,4,3,3,3,2
No,Sales,Sales Executive,1,40,Travel Rarely,39,14,Yes,2,7,7,1,7,29,Female,Divorced,Marketing,1,7,3,2,2,4,1,3
No,Research & Development,Manufacturing Director,1,40,Travel Rarely,62,13,No,5,16,6,0,13,35,Male,Single,Technical Degree,0,17,3,2,3,3,4,3
No,Research & Development,Research Scientist,1,40,Travel Rarely,83,12,Yes,2,4,2,0,2,23,Male,Divorced,Life Sciences,1,4,3,4,3,3,3,2
No,Research & Development,Manufacturing Director,1,40,Travel Rarely,95,15,No,3,5,4,1,2,41,Male,Single,Medical,6,8,3,2,2,4,4,3
No,Sales,Sales Representative,1,40,Travel Frequently,99,19,No,3,0,0,0,0,47,Male,Single,Medical,3,5,3,3,3,2,1,3
No,Research & Development,Research Director,1,40,Travel Rarely,44,14,No,2,1,0,0,0,42,Female,Single,Life Sciences,2,16,3,4,3,1,2,3
No,Sales,Sales Executive,1,40,No Travel,61,14,Yes,3,4,3,0,2,29,Male,Married,Life Sciences,1,4,3,3,3,4,1,2
No,Human Resources,Human Resources,1,40,Travel Rarely,52,11,Yes,5,3,2,1,0,42,Male,Divorced,Technical Degree,0,4,3,3,3,3,3,3
No,Research & Development,Laboratory Technician,1,40,Travel Rarely,75,13,Yes,4,8,0,0,7,32,Female,Married,Medical,1,8,3,2,3,3,3,3
No,Sales,Manager,1,40,Travel Rarely,91,21,Yes,3,0,0,0,0,48,Female,Married,Medical,3,15,4,3,3,1,2,1
No,Research & Development,Research Scientist,1,40,Travel Rarely,51,13,Yes,2,7,7,6,7,37,Male,Divorced,Medical,4,13,3,1,4,3,1,3
No,Sales,Sales Executive,1,40,No Travel,85,12,Yes,2,2,2,2,2,30,Female,Married,Technical Degree,7,4,3,3,3,4,2,4
No,Sales,Sales Executive,1,40,Travel Rarely,57,17,Yes,3,8,7,7,7,26,Male,Married,Life Sciences,1,8,3,3,3,3,2,3
No,Research & Development,Healthcare Representative,1,40,Travel Rarely,98,23,No,6,1,0,0,0,42,Male,Single,Other,3,14,4,4,2,1,2,3
Yes,Sales,Sales Representative,1,40,Travel Frequently,99,11,No,3,3,2,1,2,21,Female,Single,Technical Degree,1,3,3,2,2,1,3,3
No,Sales,Sales Executive,1,40,No Travel,45,15,No,6,1,0,0,0,36,Female,Single,Medical,4,7,3,4,3,4,2,3
No,Sales,Sales Executive,1,40,Travel Frequently,48,11,Yes,2,13,9,1,12,36,Male,Married,Medical,4,16,3,4,2,1,1,3
No,Research & Development,Healthcare Representative,1,40,Travel Rarely,88,11,No,2,3,2,1,2,57,Male,Married,Medical,2,15,3,3,3,4,3,3
No,Research & Development,Laboratory Technician,1,40,Travel Rarely,46,13,Yes,3,7,7,1,7,40,Female,Married,Life Sciences,3,10,3,3,4,4,3,3
No,Sales,Sales Representative,1,40,No Travel,39,24,No,3,3,2,2,2,21,Male,Single,Medical,1,3,4,4,3,1,3,2
Yes,Sales,Sales Representative,1,40,Travel Rarely,34,13,No,2,1,0,0,0,33,Female,Single,Marketing,1,1,3,3,3,4,2,3
No,Research & Development,Laboratory Technician,1,40,Travel Rarely,98,20,Yes,3,5,4,0,3,37,Female,Married,Medical,6,17,4,1,3,3,2,3
No,Research & Development,Manufacturing Director,1,40,No Travel,30,14,No,2,1,0,0,0,46,Female,Married,Medical,2,7,3,3,3,3,3,4
Yes,Sales,Sales Executive,1,40,Travel Frequently,56,18,No,5,8,7,7,7,41,Male,Single,Marketing,1,8,3,2,3,1,3,3
No,Research & Development,Healthcare Representative,1,40,Travel Rarely,100,15,No,2,4,3,1,3,50,Male,Single,Technical Degree,6,20,3,4,2,4,4,3
Yes,Sales,Sales Executive,1,40,Travel Rarely,68,12,Yes,6,6,4,1,0,40,Male,Married,Marketing,2,8,3,3,2,3,1,3
No,Research & Development,Research Scientist,1,40,Travel Rarely,42,16,No,5,2,2,2,2,31,Male,Single,Life Sciences,0,3,3,2,2,3,4,3
Yes,Sales,Sales Representative,1,40,Travel Rarely,90,15,No,0,1,0,0,0,21,Female,Single,Life Sciences,1,1,3,2,4,3,4,3
No,Research & Development,Research Scientist,1,40,Travel Rarely,54,16,No,4,3,2,1,2,29,Male,Single,Life Sciences,9,6,3,4,3,4,4,3
No,Research & Development,Healthcare Representative,1,40,Travel Rarely,97,19,No,5,1,1,0,0,35,Male,Single,Life Sciences,9,10,3,2,2,3,3,3
No,Research & Development,Laboratory Technician,1,40,Travel Rarely,82,11,Yes,2,5,2,0,4,27,Male,Divorced,Medical,1,5,3,2,3,4,2,3
No,Sales,Sales Executive,1,40,Travel Rarely,92,16,No,1,7,5,0,7,28,Male,Single,Life Sciences,1,7,3,4,3,2,4,3
No,Research & Development,Healthcare Representative,1,40,Travel Rarely,31,24,No,2,5,2,0,0,49,Male,Single,Other,8,26,4,3,2,2,3,3
No,Sales,Sales Executive,1,40,Travel Rarely,87,11,Yes,2,7,7,0,7,51,Female,Married,Life Sciences,4,18,3,4,3,3,3,2
No,Research & Development,Research Scientist,1,40,Travel Rarely,96,13,Yes,3,2,2,2,2,36,Female,Married,Life Sciences,4,6,3,3,3,4,2,3
Yes,Sales,Sales Executive,1,40,No Travel,67,13,No,3,5,2,0,4,34,Male,Single,Marketing,8,9,3,4,4,1,2,2
No,Research & Development,Manager,1,40,Travel Rarely,97,13,No,2,5,4,1,2,55,Female,Single,Life Sciences,2,30,3,4,3,3,3,3
No,Sales,Sales Executive,1,40,Travel Rarely,77,12,Yes,2,5,2,0,3,24,Female,Divorced,Marketing,1,5,3,3,3,4,4,4
No,Sales,Sales Representative,1,40,Travel Rarely,72,18,Yes,3,1,0,0,0,30,Male,Married,Technical Degree,1,1,3,2,3,3,1,3
Yes,Research & Development,Research Scientist,1,40,Travel Frequently,73,22,No,2,6,4,0,4,26,Male,Single,Technical Degree,0,7,4,1,3,3,3,3
No,Research & Development,Research Scientist,1,40,Travel Rarely,43,13,Yes,1,2,1,1,2,22,Female,Married,Medical,1,2,3,2,3,1,4,3
No,Sales,Sales Executive,1,40,Travel Rarely,61,13,Yes,2,10,9,9,0,36,Male,Married,Medical,1,10,3,3,2,2,2,3
Yes,Research & Development,Research Scientist,1,40,Travel Frequently,40,23,No,4,1,0,0,0,30,Male,Single,Technical Degree,9,3,4,4,3,3,3,3
No,Research & Development,Laboratory Technician,1,40,Travel Rarely,95,12,Yes,2,18,7,12,17,37,Female,Divorced,Life Sciences,1,18,3,1,3,4,3,2
No,Sales,Sales Executive,1,40,Travel Rarely,46,12,Yes,5,5,4,1,3,40,Female,Divorced,Marketing,7,8,3,2,3,4,3,3
No,Research & Development,Laboratory Technician,1,40,Travel Rarely,95,16,Yes,5,5,2,1,2,42,Female,Divorced,Life Sciences,3,8,3,1,3,2,2,3
No,Research & Development,Manufacturing Director,1,40,Travel Rarely,49,12,No,2,1,0,0,1,37,Male,Single,Life Sciences,2,18,3,2,3,3,4,2
No,Research & Development,Research Director,1,40,Travel Rarely,59,11,Yes,3,25,10,3,9,43,Male,Divorced,Life Sciences,1,25,3,2,2,1,3,3
No,Research & Development,Laboratory Technician,1,40,Travel Rarely,78,22,Yes,3,1,0,0,0,40,Female,Married,Medical,6,20,4,3,2,2,2,3
No,Research & Development,Research Director,1,40,Travel Rarely,86,11,Yes,4,4,2,1,2,54,Male,Married,Medical,4,24,3,1,3,1,3,2
No,Sales,Sales Executive,1,40,No Travel,72,15,Yes,3,3,2,1,2,34,Female,Married,Marketing,9,6,3,3,3,3,1,3
No,Research & Development,Manufacturing Director,1,40,Travel Rarely,31,12,Yes,5,13,10,3,12,31,Female,Married,Medical,1,13,3,1,3,2,2,1
No,Research & Development,Laboratory Technician,1,40,Travel Frequently,61,20,Yes,1,3,2,1,2,43,Male,Married,Medical,7,8,4,4,3,4,1,3
No,Research & Development,Healthcare Representative,1,40,Travel Rarely,74,14,No,3,5,2,0,2,43,Female,Divorced,Other,4,8,3,3,3,3,4,3
No,Sales,Sales Executive,1,40,Travel Rarely,99,11,No,3,5,4,1,3,25,Female,Single,Life Sciences,1,5,3,4,2,2,2,3
No,Research & Development,Research Scientist,1,40,No Travel,72,15,Yes,2,13,11,10,7,37,Female,Married,Medical,3,15,3,3,3,2,1,3
No,Research & Development,Laboratory Technician,1,40,Travel Rarely,98,12,Yes,3,4,2,3,2,31,Male,Married,Life Sciences,1,4,3,1,2,4,3,3
No,Research & Development,Manager,1,40,Travel Frequently,52,14,Yes,3,21,8,1,6,39,Male,Divorced,Life Sciences,1,21,3,3,3,2,3,3
No,Sales,Sales Executive,1,40,Travel Frequently,86,11,Yes,0,7,7,7,7,56,Female,Married,Life Sciences,9,36,3,1,4,3,4,2
No,Sales,Sales Executive,1,40,Travel Rarely,83,11,No,6,5,4,4,4,30,Female,Single,Technical Degree,0,6,3,3,3,2,2,3
No,Sales,Sales Executive,1,40,Travel Rarely,49,16,Yes,2,10,7,0,7,41,Male,Married,Marketing,1,10,3,1,4,2,3,3
No,Research & Development,Laboratory Technician,1,40,Travel Rarely,79,12,Yes,2,10,0,1,8,28,Male,Divorced,Medical,1,10,3,1,3,3,4,3
Yes,Research & Development,Laboratory Technician,1,40,Travel Rarely,91,13,Yes,5,2,2,0,2,25,Male,Married,Medical,5,6,3,1,3,1,3,3
No,Research & Development,Manufacturing Director,1,40,Travel Rarely,39,14,No,4,5,4,0,4,52,Male,Married,Medical,2,28,3,3,2,4,3,3
No,Research & Development,Research Scientist,1,40,Travel Rarely,69,21,Yes,3,2,2,0,2,45,Male,Married,Life Sciences,3,8,4,4,3,1,4,2
No,Research & Development,Manager,1,40,Travel Rarely,30,13,No,2,5,2,1,4,52,Female,Married,Life Sciences,2,31,3,4,3,4,4,1
No,Research & Development,Research Scientist,1,40,Travel Frequently,92,11,Yes,3,5,4,0,2,42,Female,Divorced,Life Sciences,2,19,3,3,3,1,2,3
No,Research & Development,Manufacturing Director,1,40,Travel Rarely,43,20,No,2,5,4,0,2,30,Female,Single,Life Sciences,2,11,4,4,1,3,3,3
No,Research & Development,Manager,1,40,Travel Rarely,41,11,No,5,29,8,11,10,60,Female,Married,Life Sciences,5,33,3,1,3,1,4,1
No,Research & Development,Manufacturing Director,1,40,Travel Rarely,87,14,Yes,5,10,7,0,8,46,Female,Divorced,Medical,2,19,3,3,3,3,3,2
No,Research & Development,Healthcare Representative,1,40,Travel Frequently,88,11,Yes,4,6,5,0,4,42,Female,Married,Technical Degree,0,7,3,4,2,4,4,4
Yes,Sales,Sales Representative,1,40,Travel Rarely,62,16,No,4,5,3,1,4,24,Female,Single,Technical Degree,1,6,3,2,3,1,2,3
Yes,Sales,Sales Representative,1,40,Travel Frequently,33,16,Yes,3,2,2,1,0,34,Female,Divorced,Marketing,0,3,3,3,1,4,4,2
No,Research & Development,Laboratory Technician,1,40,Travel Frequently,42,23,Yes,3,1,0,0,0,38,Male,Married,Life Sciences,1,1,4,4,3,4,3,3
No,Sales,Manager,1,40,Travel Rarely,79,14,No,2,20,15,1,12,40,Female,Married,Life Sciences,0,21,3,3,3,3,4,3
No,Research & Development,Research Scientist,1,40,Travel Rarely,90,22,Yes,3,3,2,0,2,26,Female,Divorced,Life Sciences,1,3,4,4,3,1,2,1
No,Research & Development,Laboratory Technician,1,40,No Travel,53,15,Yes,3,5,3,1,4,30,Male,Married,Life Sciences,4,9,3,4,3,3,3,1
No,Research & Development,Research Director,1,40,Travel Rarely,93,18,No,2,10,2,0,7,29,Male,Married,Medical,1,10,3,3,2,2,3,3
Yes,Research & Development,Research Scientist,1,40,Travel Rarely,71,16,No,2,2,2,1,1,29,Female,Married,Technical Degree,5,6,3,2,2,3,2,4
Yes,Human Resources,Human Resources,1,40,Travel Rarely,52,12,No,3,1,0,0,0,19,Male,Single,Technical Degree,1,1,3,4,2,1,3,4
No,Sales,Sales Executive,1,40,No Travel,69,11,No,3,9,8,7,8,30,Female,Married,Other,0,10,3,1,3,3,3,3
No,Sales,Manager,1,40,Travel Rarely,56,12,Yes,3,1,0,0,0,57,Male,Divorced,Marketing,3,32,3,4,2,1,3,2
No,Research & Development,Manager,1,40,Travel Rarely,88,15,Yes,2,27,10,15,7,50,Male,Married,Life Sciences,0,28,3,3,2,2,2,3
No,Research & Development,Laboratory Technician,1,40,No Travel,49,14,No,2,11,7,6,7,30,Female,Single,Medical,0,12,3,4,3,3,3,2
No,Sales,Sales Executive,1,40,Travel Frequently,80,19,No,5,18,13,13,11,60,Female,Married,Marketing,4,22,3,1,2,3,4,4
No,Research & Development,Manufacturing Director,1,40,Travel Rarely,65,13,Yes,2,5,0,0,4,47,Female,Divorced,Medical,5,20,3,4,3,1,3,3
No,Research & Development,Research Director,1,40,Travel Rarely,51,13,No,2,3,2,0,1,46,Male,Married,Life Sciences,6,26,3,3,3,1,3,1
No,Research & Development,Laboratory Technician,1,40,Travel Rarely,46,15,No,2,5,4,4,3,35,Male,Single,Life Sciences,0,6,3,3,1,4,3,3
No,Research & Development,Laboratory Technician,1,40,Travel Rarely,42,11,No,3,1,0,0,0,54,Female,Single,Life Sciences,7,19,3,3,3,3,3,3
No,Research & Development,Research Scientist,1,40,Travel Rarely,62,12,Yes,3,7,3,5,7,34,Male,Divorced,Life Sciences,3,14,3,3,2,4,3,3
No,Sales,Sales Executive,1,40,Travel Rarely,94,19,Yes,3,3,2,1,2,46,Female,Married,Marketing,2,15,3,4,2,3,3,3
No,Research & Development,Manufacturing Director,1,40,Travel Rarely,33,25,Yes,6,13,8,0,8,31,Male,Divorced,Life Sciences,1,13,4,2,3,3,4,4
Yes,Research & Development,Manager,1,40,Travel Rarely,56,12,No,2,7,6,7,7,33,Male,Married,Medical,7,15,3,3,3,2,4,4
Yes,Research & Development,Laboratory Technician,1,40,Travel Rarely,38,13,Yes,2,4,3,1,3,33,Male,Divorced,Medical,7,8,3,4,1,1,1,3
No,Sales,Sales Representative,1,40,Travel Rarely,57,14,No,3,3,2,1,2,30,Male,Single,Marketing,0,4,3,2,3,4,1,3
No,Research & Development,Healthcare Representative,1,40,Travel Rarely,72,12,No,2,8,7,0,0,35,Male,Married,Life Sciences,4,10,3,3,3,4,3,3
Yes,Research & Development,Healthcare Representative,1,40,Travel Frequently,66,12,No,2,1,0,0,0,31,Male,Married,Life Sciences,3,12,3,3,3,1,1,3
Yes,Human Resources,Human Resources,1,40,Travel Frequently,43,15,Yes,2,3,2,0,2,34,Female,Divorced,Human Resources,9,11,3,1,3,2,3,3
No,Research & Development,Laboratory Technician,1,40,Travel Frequently,97,17,Yes,4,2,2,2,0,42,Male,Married,Other,4,8,3,3,3,2,4,3
No,Sales,Sales Executive,1,40,No Travel,32,14,No,3,10,3,9,7,36,Male,Single,Medical,1,10,3,4,3,2,4,2
Yes,Research & Development,Laboratory Technician,1,40,Travel Frequently,99,16,No,3,2,2,1,2,22,Male,Single,Technical Degree,5,4,3,3,2,3,3,3
No,Sales,Sales Executive,1,40,Travel Rarely,37,14,Yes,2,9,7,6,7,48,Female,Married,Marketing,2,14,3,4,3,2,1,3
No,Sales,Manager,1,40,Travel Rarely,83,23,No,2,10,9,7,7,55,Female,Single,Life Sciences,3,37,4,2,3,1,4,3
No,Sales,Sales Executive,1,40,No Travel,56,14,No,3,14,3,1,10,41,Male,Single,Life Sciences,7,16,3,4,3,4,4,3
No,Sales,Sales Executive,1,40,Travel Rarely,85,11,No,2,11,9,6,9,35,Male,Married,Marketing,9,15,3,3,3,2,3,3
No,Research & Development,Manufacturing Director,1,40,Travel Rarely,75,15,No,3,20,6,5,13,40,Female,Single,Life Sciences,7,22,3,3,3,2,3,3
No,Research & Development,Laboratory Technician,1,40,Travel Frequently,48,11,Yes,3,8,3,0,7,39,Female,Married,Life Sciences,1,8,3,3,3,3,1,3
No,Sales,Sales Executive,1,40,Travel Rarely,77,13,No,2,6,5,0,5,31,Male,Single,Life Sciences,4,10,3,4,3,2,3,4
No,Research & Development,Manufacturing Director,1,40,Travel Rarely,56,21,Yes,5,10,9,5,8,42,Male,Married,Medical,1,10,4,1,3,4,4,2
No,Sales,Sales Executive,1,40,Travel Rarely,61,19,Yes,3,8,7,3,7,45,Male,Married,Other,0,9,3,2,3,4,2,4
Yes,Human Resources,Human Resources,1,40,Travel Frequently,58,11,Yes,2,7,7,1,0,26,Female,Divorced,Life Sciences,0,8,3,3,3,2,2,2
No,Research & Development,Manufacturing Director,1,40,Travel Rarely,34,12,Yes,2,3,2,1,2,29,Male,Divorced,Technical Degree,4,8,3,4,3,4,2,4
No,Research & Development,Research Director,1,40,Travel Rarely,95,19,Yes,2,6,1,0,5,33,Female,Divorced,Medical,4,10,3,3,4,1,3,3
No,Sales,Manager,1,40,Travel Rarely,44,21,Yes,3,5,4,0,1,31,Male,Divorced,Life Sciences,9,10,4,4,2,3,3,2
Yes,Sales,Sales Representative,1,40,Travel Frequently,69,14,No,3,0,0,0,0,18,Male,Single,Marketing,1,0,3,2,3,2,4,3
No,Sales,Sales Executive,1,40,No Travel,58,15,Yes,2,1,0,0,1,40,Male,Divorced,Other,3,20,3,1,1,3,3,3
No,Research & Development,Healthcare Representative,1,40,No Travel,62,17,No,3,8,7,0,7,41,Female,Single,Other,2,10,3,3,2,1,1,3
No,Sales,Sales Executive,1,40,Travel Rarely,45,12,Yes,5,0,0,0,0,26,Male,Divorced,Medical,5,8,3,3,3,1,1,3
No,Sales,Sales Executive,1,40,Travel Rarely,80,16,No,3,5,4,0,3,35,Female,Single,Medical,1,5,3,3,3,1,4,3
No,Sales,Sales Executive,1,40,Travel Rarely,74,12,No,3,10,7,5,7,34,Male,Single,Life Sciences,1,10,3,4,4,4,4,3
Yes,Research & Development,Laboratory Technician,1,40,Travel Rarely,66,18,No,3,1,0,0,0,26,Male,Single,Technical Degree,1,1,3,4,1,3,2,1
No,Research & Development,Manufacturing Director,1,40,Travel Rarely,59,17,No,3,6,5,1,2,37,Female,Single,Technical Degree,4,12,3,4,3,2,4,4
No,Research & Development,Healthcare Representative,1,40,Travel Frequently,86,11,No,3,2,2,1,2,46,Female,Married,Medical,5,28,3,3,3,1,4,2
No,Sales,Manager,1,40,Travel Rarely,91,16,Yes,2,18,16,11,8,41,Female,Married,Life Sciences,7,22,3,1,3,2,2,3
No,Sales,Sales Executive,1,40,No Travel,69,13,Yes,6,9,5,7,7,37,Male,Divorced,Medical,1,9,3,2,3,1,4,3
No,Research & Development,Research Scientist,1,40,Travel Rarely,78,12,Yes,3,10,9,6,9,52,Male,Divorced,Technical Degree,3,18,3,1,3,4,2,3
Yes,Sales,Sales Executive,1,40,No Travel,60,12,No,2,4,2,1,2,32,Male,Married,Other,8,6,3,3,4,4,4,3
No,Sales,Sales Representative,1,40,Travel Frequently,38,13,Yes,3,2,2,2,1,24,Male,Married,Medical,0,3,3,4,3,4,3,3
No,Research & Development,Healthcare Representative,1,40,Travel Rarely,76,19,Yes,4,1,0,0,0,38,Female,Married,Medical,3,18,3,3,3,3,3,3
No,Research & Development,Manufacturing Director,1,40,Travel Rarely,65,12,Yes,2,6,5,4,3,37,Female,Married,Life Sciences,6,8,3,2,3,2,2,2
No,Research & Development,Research Director,1,40,Travel Rarely,58,17,Yes,5,31,9,0,9,49,Male,Divorced,Life Sciences,1,31,3,3,2,4,3,3
No,Research & Development,Research Scientist,1,40,Travel Rarely,89,11,Yes,3,6,5,1,4,24,Male,Married,Medical,1,6,3,4,4,2,2,3
No,Sales,Sales Executive,1,40,Travel Rarely,66,20,Yes,5,5,3,1,4,26,Male,Married,Marketing,1,6,4,2,3,1,4,4
No,Research & Development,Laboratory Technician,1,40,Travel Rarely,94,21,Yes,2,1,0,0,0,24,Male,Married,Other,1,1,4,2,2,4,4,3
No,Human Resources,Manager,1,40,Travel Frequently,99,11,Yes,2,32,5,10,7,50,Male,Married,Medical,1,32,3,2,3,1,3,3
No,Sales,Sales Representative,1,40,Travel Rarely,40,11,No,1,7,4,0,6,25,Male,Married,Medical,1,7,3,3,3,2,3,3
Yes,Research & Development,Laboratory Technician,1,40,Travel Frequently,55,16,Yes,4,6,3,1,2,24,Female,Married,Life Sciences,1,6,3,3,3,1,4,3
Yes,Sales,Sales Representative,1,40,Travel Frequently,74,18,Yes,2,1,0,0,0,30,Male,Married,Life Sciences,1,1,3,1,2,2,3,4
No,Research & Development,Research Scientist,1,40,Travel Rarely,83,13,Yes,3,6,5,1,3,34,Male,Married,Life Sciences,1,6,3,4,2,2,4,3
Yes,Sales,Sales Executive,1,40,Travel Rarely,46,17,No,2,3,1,1,2,31,Male,Divorced,Medical,2,9,3,1,3,2,3,1
No,Research & Development,Laboratory Technician,1,40,Travel Rarely,54,14,No,3,3,2,0,2,35,Male,Single,Other,4,9,3,4,2,1,4,3
No,Sales,Sales Executive,1,40,Travel Rarely,66,22,Yes,4,7,7,5,7,31,Male,Divorced,Medical,4,13,4,4,4,1,4,4
No,Research & Development,Research Scientist,1,40,Travel Rarely,66,12,Yes,5,5,3,0,3,27,Female,Divorced,Medical,0,6,3,3,2,1,3,2
No,Sales,Sales Executive,1,40,Travel Rarely,75,11,Yes,3,3,0,1,0,37,Male,Married,Marketing,4,17,3,3,3,4,3,2
No,Research & Development,Research Scientist,1,40,Travel Rarely,83,13,No,0,1,0,0,0,20,Female,Single,Life Sciences,1,1,3,2,2,4,4,4
No,Research & Development,Healthcare Representative,1,40,Travel Rarely,81,13,Yes,4,10,2,2,2,42,Female,Married,Life Sciences,1,10,3,4,3,3,2,3
No,Research & Development,Research Director,1,40,Travel Rarely,50,14,Yes,3,1,0,0,0,43,Male,Divorced,Other,4,21,3,4,2,2,3,2
No,Research & Development,Research Scientist,1,40,Travel Rarely,43,17,No,3,0,0,0,0,38,Female,Single,Life Sciences,3,8,3,1,3,3,4,2
No,Research & Development,Laboratory Technician,1,40,Travel Frequently,72,13,Yes,3,8,7,4,7,43,Male,Divorced,Medical,3,10,3,3,3,4,2,3
No,Research & Development,Manager,1,40,Travel Rarely,40,11,Yes,3,3,2,0,2,48,Female,Married,Life Sciences,7,21,3,1,2,4,1,1
No,Human Resources,Human Resources,1,40,Travel Rarely,50,11,No,1,2,2,0,2,44,Female,Single,Life Sciences,4,10,3,3,2,1,2,4
No,Sales,Sales Representative,1,40,Travel Rarely,31,18,Yes,3,8,2,0,6,34,Female,Divorced,Technical Degree,1,8,3,3,3,3,4,3
Yes,Sales,Sales Representative,1,40,Travel Rarely,85,11,Yes,3,4,3,0,2,27,Male,Divorced,Marketing,0,5,3,1,3,3,2,3
No,Sales,Sales Representative,1,40,Travel Rarely,49,11,No,2,3,2,1,2,21,Male,Single,Technical Degree,1,3,3,3,3,3,3,3
No,Research & Development,Manager,1,40,Travel Rarely,35,12,Yes,2,2,2,0,1,44,Male,Married,Other,4,26,3,4,3,4,1,4
No,Research & Development,Research Scientist,1,40,Travel Rarely,69,20,No,3,2,2,2,2,22,Male,Married,Medical,0,3,4,3,3,1,4,3
No,Sales,Sales Executive,1,40,Travel Rarely,39,12,No,3,5,0,1,2,33,Male,Divorced,Marketing,0,6,3,3,3,3,4,3
No,Research & Development,Research Scientist,1,40,Travel Rarely,92,12,Yes,2,6,4,0,5,32,Female,Married,Life Sciences,1,6,3,4,3,1,4,2
No,Research & Development,Research Scientist,1,40,Travel Frequently,71,20,Yes,2,1,0,0,0,30,Female,Divorced,Medical,1,1,4,3,3,3,3,3
No,Sales,Sales Executive,1,40,Travel Rarely,34,20,No,2,14,7,8,10,53,Female,Single,Medical,7,18,4,1,3,4,4,4
No,Research & Development,Research Scientist,1,40,Travel Rarely,42,12,Yes,4,10,9,8,8,34,Male,Married,Life Sciences,1,10,3,4,3,2,4,2
Yes,Sales,Sales Executive,1,40,Travel Frequently,100,14,Yes,4,1,1,0,0,45,Female,Married,Life Sciences,2,5,3,1,3,1,4,3
No,Research & Development,Laboratory Technician,1,40,Travel Rarely,71,13,Yes,2,3,2,0,2,26,Female,Married,Life Sciences,1,3,3,4,3,3,3,3
No,Research & Development,Manufacturing Director,1,40,Travel Rarely,36,15,Yes,2,10,7,7,8,37,Male,Married,Other,1,10,3,3,3,3,3,3
No,Sales,Sales Executive,1,40,Travel Rarely,62,14,Yes,5,6,0,1,2,29,Female,Married,Medical,1,6,3,3,3,2,1,2
No,Research & Development,Research Scientist,1,40,Travel Rarely,82,13,No,3,17,11,11,8,35,Male,Single,Life Sciences,1,17,3,4,1,2,2,3
No,Research & Development,Healthcare Representative,1,40,Travel Frequently,30,23,Yes,2,13,11,4,7,33,Male,Divorced,Life Sciences,3,15,4,4,3,3,3,1
No,Human Resources,Human Resources,1,40,Travel Rarely,88,15,Yes,1,9,7,7,1,54,Male,Married,Medical,2,16,3,2,3,3,3,4
No,Research & Development,Manufacturing Director,1,40,Travel Rarely,48,11,Yes,2,3,2,0,2,36,Male,Divorced,Medical,2,13,3,2,2,2,3,3
No,Research & Development,Research Scientist,1,40,Travel Rarely,54,13,No,0,4,2,1,1,27,Male,Single,Medical,0,5,3,4,2,1,4,3
Yes,Research & Development,Research Scientist,1,40,Travel Rarely,32,11,No,5,1,0,1,1,20,Male,Single,Medical,1,1,3,3,3,4,4,3
Yes,Research & Development,Research Scientist,1,40,Travel Frequently,70,11,No,3,10,8,9,7,33,Male,Single,Life Sciences,1,10,3,1,3,1,1,3
No,Research & Development,Laboratory Technician,1,40,No Travel,41,18,Yes,3,1,0,0,0,35,Male,Married,Life Sciences,1,1,3,3,2,3,3,3
No,Research & Development,Research Scientist,1,40,Travel Rarely,58,16,Yes,3,3,2,0,2,23,Male,Married,Medical,2,5,3,1,4,1,1,4
No,Sales,Sales Executive,1,40,Travel Rarely,57,22,Yes,4,3,2,1,2,25,Male,Married,Life Sciences,0,4,4,2,4,4,3,3
No,Sales,Sales Executive,1,40,Travel Rarely,46,20,No,2,7,7,0,5,38,Female,Single,Marketing,0,8,4,4,2,4,1,3
No,Research & Development,Research Scientist,1,40,Travel Frequently,76,18,Yes,5,10,7,2,8,29,Male,Divorced,Life Sciences,1,10,3,4,1,2,4,3
No,Sales,Sales Executive,1,40,Travel Rarely,56,12,No,3,2,2,2,2,48,Male,Married,Marketing,3,12,3,2,4,2,4,3
No,Sales,Sales Executive,1,40,Travel Frequently,71,20,Yes,3,6,5,0,4,27,Female,Divorced,Medical,1,6,4,4,4,4,2,3
No,Research & Development,Research Scientist,1,40,Travel Rarely,80,17,No,2,1,0,0,0,37,Male,Single,Life Sciences,3,4,3,4,4,4,1,3
No,Research & Development,Laboratory Technician,1,40,Travel Rarely,74,11,Yes,3,20,8,3,8,50,Male,Married,Medical,1,20,3,3,4,4,3,3
No,Research & Development,Healthcare Representative,1,40,Travel Rarely,46,14,No,3,8,7,7,7,34,Female,Single,Medical,1,9,3,2,2,4,2,4
Yes,Sales,Sales Executive,1,40,Travel Rarely,65,14,No,3,2,2,2,0,24,Female,Single,Life Sciences,9,4,3,3,3,1,1,3
No,Research & Development,Healthcare Representative,1,40,Travel Rarely,80,11,No,4,20,7,11,10,39,Female,Single,Technical Degree,1,20,3,3,2,4,1,3
No,Sales,Sales Executive,1,40,Travel Rarely,55,12,No,2,10,7,0,8,32,Male,Single,Marketing,1,10,3,4,3,4,4,2
Yes,Sales,Sales Executive,1,40,Travel Frequently,50,14,Yes,4,4,3,1,3,50,Male,Married,Technical Degree,3,18,3,3,3,2,1,3
No,Research & Development,Healthcare Representative,1,40,Travel Rarely,33,13,No,4,9,7,1,8,38,Female,Single,Life Sciences,0,10,3,4,4,2,3,2
No,Research & Development,Manufacturing Director,1,40,Travel Rarely,68,11,No,3,9,7,0,7,27,Female,Married,Life Sciences,1,9,3,1,3,3,4,3
No,Research & Development,Research Director,1,40,Travel Rarely,39,15,No,6,7,7,7,7,32,Female,Single,Life Sciences,3,10,3,4,3,3,4,3
No,Sales,Sales Executive,1,40,Travel Rarely,42,12,No,2,7,7,1,7,47,Male,Single,Marketing,2,20,3,1,3,4,4,3
No,Sales,Sales Executive,1,40,Travel Frequently,48,21,Yes,2,18,13,1,12,40,Male,Married,Life Sciences,5,20,4,1,2,4,3,3
No,Research & Development,Research Director,1,40,Travel Rarely,59,19,No,3,5,1,1,3,53,Male,Married,Life Sciences,3,32,3,3,4,3,3,3
No,Human Resources,Manager,1,40,Travel Rarely,73,15,Yes,2,21,6,12,6,41,Male,Divorced,Human Resources,3,23,3,4,2,2,2,2
No,Sales,Sales Executive,1,40,Travel Rarely,84,14,No,1,2,2,2,2,60,Male,Single,Marketing,8,10,3,1,3,1,4,3
No,Research & Development,Manufacturing Director,1,40,Travel Frequently,32,21,Yes,4,9,7,1,7,27,Male,Divorced,Life Sciences,1,9,4,1,3,4,3,2
No,Human Resources,Manager,1,40,Travel Rarely,59,12,Yes,3,22,7,2,10,41,Male,Married,Human Resources,1,22,3,3,2,4,2,3
No,Sales,Sales Representative,1,40,Travel Rarely,54,15,Yes,2,2,2,2,2,50,Male,Married,Marketing,7,4,3,2,3,4,4,3
Yes,Research & Development,Research Scientist,1,40,Travel Rarely,67,13,No,4,7,7,3,7,28,Female,Single,Life Sciences,7,10,3,2,1,1,4,3
No,Research & Development,Research Director,1,40,No Travel,63,14,Yes,2,8,7,0,5,36,Female,Married,Life Sciences,9,10,3,1,4,1,1,3
No,Research & Development,Manufacturing Director,1,40,Travel Rarely,81,14,No,4,1,0,0,0,38,Female,Single,Life Sciences,4,10,3,3,3,3,4,4
No,Research & Development,Laboratory Technician,1,40,No Travel,49,14,No,5,5,2,1,4,44,Male,Single,Medical,2,9,3,3,1,1,3,3
No,Sales,Sales Executive,1,40,Travel Frequently,49,12,Yes,2,22,2,11,13,47,Female,Divorced,Medical,9,28,3,3,3,4,4,2
No,Sales,Sales Executive,1,40,Travel Rarely,99,23,Yes,2,8,7,7,7,30,Male,Divorced,Marketing,7,10,4,4,3,3,4,2
No,Sales,Sales Representative,1,40,Travel Rarely,99,11,No,6,1,0,0,0,29,Male,Single,Life Sciences,1,1,3,3,3,3,3,3
Yes,Research & Development,Research Scientist,1,40,Travel Frequently,57,12,No,2,2,2,2,2,42,Male,Divorced,Medical,6,7,3,3,4,3,4,3
No,Sales,Sales Executive,1,40,Travel Frequently,47,18,Yes,5,2,2,2,2,43,Male,Married,Life Sciences,3,7,3,4,2,4,3,3
No,Research & Development,Healthcare Representative,1,40,Travel Rarely,96,11,No,2,5,1,4,3,34,Female,Single,Medical,3,10,3,3,3,2,4,3
No,Research & Development,Laboratory Technician,1,40,Travel Rarely,37,14,Yes,2,4,3,0,2,23,Male,Married,Medical,1,5,3,1,3,2,4,4
No,Human Resources,Human Resources,1,40,Travel Rarely,44,15,Yes,3,8,3,3,6,39,Female,Married,Human Resources,9,12,3,2,4,3,3,1
No,Research & Development,Healthcare Representative,1,40,Travel Rarely,81,11,No,1,10,7,1,1,56,Male,Married,Medical,7,30,3,4,3,3,3,2
No,Research & Development,Research Scientist,1,40,Travel Rarely,86,20,No,2,4,2,2,3,40,Female,Single,Medical,0,5,4,4,2,4,4,2
No,Research & Development,Healthcare Representative,1,40,Travel Rarely,55,19,No,2,7,6,0,7,27,Female,Single,Medical,8,9,3,1,2,4,1,1
No,Sales,Sales Representative,1,40,Travel Rarely,83,14,Yes,2,2,2,2,2,29,Male,Divorced,Marketing,1,2,3,2,3,4,4,3
No,Research & Development,Laboratory Technician,1,40,Travel Rarely,86,17,No,4,2,2,2,2,53,Male,Single,Life Sciences,2,19,3,4,3,4,4,3
No,Research & Development,Healthcare Representative,1,40,No Travel,61,11,Yes,2,1,0,0,0,35,Female,Divorced,Life Sciences,2,16,3,1,3,4,1,4
No,Research & Development,Laboratory Technician,1,40,Travel Frequently,80,15,Yes,2,10,8,4,7,32,Male,Married,Life Sciences,1,10,3,4,3,1,4,3
No,Research & Development,Research Scientist,1,40,Travel Rarely,92,13,Yes,0,1,0,0,1,38,Male,Married,Medical,6,6,3,3,3,4,2,1
No,Research & Development,Manufacturing Director,1,40,Travel Rarely,32,14,Yes,3,0,0,0,0,34,Female,Divorced,Life Sciences,3,7,3,1,3,2,3,3
No,Sales,Manager,1,40,Travel Rarely,31,11,No,3,34,6,1,16,52,Male,Married,Marketing,1,34,3,1,2,3,1,4
Yes,Research & Development,Research Scientist,1,40,Travel Rarely,63,13,No,2,10,9,7,8,33,Male,Single,Other,1,10,3,4,3,4,3,2
No,Sales,Sales Executive,1,40,Travel Rarely,32,23,No,5,6,5,1,4,25,Female,Single,Medical,1,6,4,4,3,3,2,2
No,Sales,Sales Representative,1,40,Travel Rarely,46,13,No,3,8,7,3,1,45,Male,Single,Technical Degree,0,9,3,3,1,2,1,3
No,Research & Development,Research Scientist,1,40,Travel Rarely,79,18,No,3,2,2,0,2,23,Male,Single,Medical,1,2,3,3,4,1,4,3
Yes,Sales,Sales Executive,1,40,Travel Frequently,77,12,No,2,5,4,1,3,47,Female,Single,Life Sciences,4,8,3,3,4,2,4,3
No,Sales,Sales Executive,1,40,Travel Rarely,60,22,No,5,6,5,1,4,34,Male,Single,Other,1,6,4,4,3,4,3,3
Yes,Research & Development,Manager,1,40,Travel Rarely,78,13,Yes,2,5,2,1,4,55,Male,Married,Medical,5,24,3,1,3,4,4,3
No,Sales,Sales Executive,1,40,No Travel,76,15,No,1,10,7,0,9,36,Male,Single,Life Sciences,1,10,3,1,2,1,2,3
No,Research & Development,Research Scientist,1,40,No Travel,41,18,Yes,3,4,3,1,2,52,Male,Married,Medical,0,5,3,4,3,4,1,3
No,Research & Development,Laboratory Technician,1,40,Travel Frequently,71,14,Yes,2,2,2,2,0,26,Female,Divorced,Life Sciences,3,5,3,4,1,1,1,3
No,Research & Development,Healthcare Representative,1,40,Travel Rarely,66,12,Yes,3,8,7,1,1,29,Female,Married,Medical,4,11,3,3,3,2,1,2
Yes,Sales,Sales Executive,1,40,Travel Rarely,38,17,No,2,4,3,1,2,26,Male,Single,Technical Degree,6,6,3,1,2,4,3,2
No,Research & Development,Research Scientist,1,40,Travel Rarely,72,16,No,2,4,2,1,3,34,Female,Single,Life Sciences,2,10,3,4,4,2,3,3
No,Research & Development,Manufacturing Director,1,40,Travel Rarely,95,11,Yes,4,5,3,1,4,54,Female,Divorced,Medical,9,9,3,1,3,4,2,3
No,Sales,Sales Executive,1,40,Travel Frequently,84,19,Yes,3,4,2,1,1,27,Male,Married,Marketing,0,5,3,4,3,3,2,3
No,Research & Development,Research Scientist,1,40,Travel Rarely,82,13,Yes,3,5,3,4,3,37,Female,Divorced,Life Sciences,0,6,3,1,3,4,2,2
No,Research & Development,Manufacturing Director,1,40,Travel Frequently,75,12,No,2,15,7,4,12,38,Female,Single,Life Sciences,6,17,3,1,4,1,4,3
No,Research & Development,Research Scientist,1,40,Travel Rarely,86,11,No,3,6,5,1,3,34,Female,Single,Medical,1,6,3,1,2,3,3,3
No,Sales,Sales Representative,1,40,Travel Rarely,72,16,Yes,1,3,2,0,2,35,Female,Married,Life Sciences,1,3,3,4,3,1,2,2
No,Research & Development,Laboratory Technician,1,40,Travel Rarely,38,21,Yes,2,2,2,0,2,30,Male,Married,Life Sciences,3,7,4,3,1,4,3,3
No,Research & Development,Healthcare Representative,1,40,Travel Frequently,38,24,Yes,2,8,7,3,7,40,Female,Married,Medical,1,8,4,2,4,3,4,3
No,Sales,Sales Executive,1,40,Travel Rarely,93,17,Yes,1,3,2,1,2,34,Female,Married,Life Sciences,5,6,3,1,3,3,2,3
No,Research & Development,Manager,1,40,Travel Frequently,66,13,Yes,4,24,7,14,9,42,Male,Divorced,Life Sciences,1,24,3,4,3,2,2,2
Yes,Research & Development,Laboratory Technician,1,40,Travel Rarely,63,21,Yes,2,0,0,0,0,23,Male,Married,Life Sciences,1,1,4,1,4,3,3,3
No,Research & Development,Laboratory Technician,1,40,No Travel,60,11,Yes,4,1,0,0,0,24,Male,Divorced,Life Sciences,1,1,3,2,2,3,3,3
No,Research & Development,Laboratory Technician,1,40,Travel Rarely,82,20,Yes,3,5,2,1,4,52,Female,Married,Life Sciences,8,9,4,3,3,4,2,3
No,Research & Development,Research Director,1,40,Travel Rarely,64,16,No,3,4,3,0,3,50,Male,Married,Medical,5,30,3,3,3,3,4,3
Yes,Research & Development,Laboratory Technician,1,40,Travel Rarely,36,11,Yes,1,1,0,0,0,29,Female,Married,Life Sciences,1,1,3,1,2,2,4,3
No,Research & Development,Research Director,1,40,Travel Rarely,49,11,No,3,13,9,3,7,33,Male,Married,Medical,0,14,3,3,3,3,4,4
Yes,Sales,Sales Executive,1,40,Travel Rarely,69,15,No,3,3,2,0,2,33,Female,Single,Marketing,5,6,3,1,3,1,3,3
No,Research & Development,Manager,1,40,Travel Rarely,33,11,Yes,3,26,14,3,0,47,Female,Married,Other,1,26,3,4,3,3,3,2
No,Research & Development,Manufacturing Director,1,40,Travel Rarely,35,15,Yes,2,9,7,0,5,36,Female,Married,Other,0,10,3,2,3,3,1,3
No,Research & Development,Research Scientist,1,40,Travel Rarely,81,24,Yes,3,10,7,0,7,29,Male,Married,Life Sciences,1,10,4,3,4,3,3,3
Yes,Research & Development,Research Director,1,40,Travel Rarely,31,12,No,2,31,15,13,8,58,Male,Single,Life Sciences,7,40,3,2,3,4,4,3
No,Research & Development,Research Scientist,1,40,Travel Rarely,40,13,No,0,2,2,2,2,35,Female,Single,Life Sciences,3,7,3,3,4,4,3,3
No,Research & Development,Manufacturing Director,1,40,Travel Rarely,43,13,Yes,4,4,3,0,2,42,Female,Married,Life Sciences,9,8,3,4,2,4,4,3
Yes,Research & Development,Research Scientist,1,40,Travel Rarely,46,17,No,3,2,2,2,1,28,Male,Single,Medical,6,5,3,3,3,3,4,2
No,Human Resources,Human Resources,1,40,Travel Rarely,36,13,Yes,2,5,2,0,4,36,Male,Married,Human Resources,4,8,3,2,3,3,2,3
No,Research & Development,Manufacturing Director,1,40,Travel Rarely,98,12,Yes,3,14,13,6,8,32,Female,Married,Life Sciences,1,14,3,3,2,3,3,3
No,Research & Development,Laboratory Technician,1,40,Travel Frequently,51,14,No,6,1,0,0,0,40,Male,Single,Medical,6,10,3,3,2,1,4,3
No,Research & Development,Manufacturing Director,1,40,Travel Rarely,52,24,No,4,0,0,0,0,30,Female,Single,Medical,5,12,4,4,2,3,2,2
No,Research & Development,Research Scientist,1,40,Travel Rarely,95,14,No,3,1,0,0,0,45,Female,Single,Life Sciences,1,1,3,3,2,2,4,3
No,Research & Development,Manufacturing Director,1,40,Travel Rarely,98,13,Yes,3,9,8,7,8,42,Male,Married,Life Sciences,1,10,3,2,3,2,4,2
No,Research & Development,Healthcare Representative,1,40,Travel Frequently,45,15,Yes,3,4,3,1,2,38,Male,Divorced,Life Sciences,2,13,3,1,2,1,3,2
No,Research & Development,Research Scientist,1,40,Travel Frequently,100,16,No,3,5,2,1,3,34,Female,Single,Life Sciences,1,6,3,4,2,3,3,3
Yes,Sales,Sales Executive,1,40,Travel Rarely,43,18,Yes,3,9,8,7,7,49,Female,Married,Marketing,1,9,3,4,3,3,1,4
Yes,Sales,Sales Executive,1,40,Travel Rarely,37,16,No,3,9,7,7,3,55,Male,Single,Medical,4,12,3,4,3,3,3,2
No,Research & Development,Research Director,1,40,Travel Rarely,94,24,Yes,3,4,1,1,0,43,Male,Married,Life Sciences,6,22,4,1,3,2,3,3
No,Research & Development,Research Director,1,40,Travel Rarely,42,16,Yes,3,9,8,0,8,27,Male,Divorced,Technical Degree,1,9,3,4,2,3,2,3
No,Research & Development,Manufacturing Director,1,40,Travel Rarely,59,21,No,3,8,5,1,6,35,Male,Single,Other,3,17,4,3,3,3,2,4
No,Sales,Sales Executive,1,40,Travel Rarely,81,20,No,2,8,7,7,5,28,Female,Married,Marketing,1,8,4,2,3,2,1,3
No,Human Resources,Human Resources,1,40,Travel Rarely,88,19,Yes,1,3,2,0,2,34,Male,Married,Human Resources,0,4,3,4,3,3,3,1
Yes,Research & Development,Research Scientist,1,40,Travel Frequently,88,14,Yes,2,8,7,1,7,26,Female,Married,Medical,1,8,3,3,2,3,1,3
No,Research & Development,Research Scientist,1,40,No Travel,50,11,Yes,6,0,0,0,0,27,Male,Married,Medical,1,0,3,4,3,4,3,2
No,Sales,Manager,1,40,Travel Rarely,66,14,Yes,2,20,6,4,17,51,Female,Married,Marketing,2,29,3,3,3,1,3,2
No,Research & Development,Healthcare Representative,1,40,Travel Rarely,50,12,No,2,5,2,2,3,44,Male,Single,Medical,9,10,3,2,3,4,4,2
No,Research & Development,Research Scientist,1,40,Travel Rarely,65,13,No,3,4,3,0,1,25,Male,Single,Medical,7,6,3,1,4,1,3,2
No,Sales,Sales Executive,1,40,Travel Rarely,48,22,Yes,5,9,8,0,8,33,Male,Divorced,Medical,1,9,4,1,4,1,1,3
No,Research & Development,Research Scientist,1,40,Travel Rarely,53,11,No,3,6,5,1,1,35,Female,Single,Medical,1,6,3,1,2,3,4,2
No,Sales,Sales Executive,1,40,Travel Rarely,56,14,Yes,1,18,14,4,11,36,Male,Married,Life Sciences,1,18,3,4,3,2,4,2
No,Sales,Sales Executive,1,40,Travel Rarely,73,11,Yes,3,5,2,0,3,32,Male,Divorced,Life Sciences,2,8,3,4,3,2,3,2
No,Research & Development,Research Scientist,1,40,Travel Frequently,75,12,Yes,3,5,4,0,3,30,Male,Divorced,Life Sciences,9,10,3,4,2,2,2,2
No,Sales,Sales Executive,1,40,Travel Rarely,78,18,Yes,3,5,2,0,4,53,Female,Married,Marketing,7,35,3,4,2,1,4,3
No,Sales,Sales Executive,1,40,Travel Rarely,74,12,Yes,2,5,4,0,2,45,Male,Divorced,Marketing,4,18,3,1,3,4,3,3
No,Research & Development,Research Scientist,1,40,Travel Rarely,91,12,Yes,3,5,3,1,3,32,Female,Married,Medical,5,9,3,3,4,3,3,2
No,Research & Development,Manufacturing Director,1,40,Travel Frequently,81,22,No,3,9,8,0,0,52,Female,Married,Medical,3,31,4,4,2,3,3,3
No,Sales,Sales Executive,1,40,Travel Rarely,66,19,Yes,2,1,0,0,0,37,Male,Divorced,Marketing,4,9,3,3,2,4,4,3
No,Human Resources,Human Resources,1,40,Travel Rarely,63,13,Yes,6,5,1,0,4,28,Male,Divorced,Medical,1,6,3,4,2,2,4,3
No,Research & Development,Manufacturing Director,1,40,Travel Rarely,33,22,Yes,2,2,2,2,2,22,Male,Married,Life Sciences,6,4,4,4,2,4,1,1
No,Research & Development,Laboratory Technician,1,40,Travel Rarely,62,24,Yes,2,3,2,0,2,44,Male,Married,Life Sciences,2,10,4,4,4,1,3,2
No,Research & Development,Research Scientist,1,40,Travel Frequently,35,14,No,2,2,1,2,2,42,Male,Single,Medical,5,8,3,4,3,2,4,3
No,Human Resources,Human Resources,1,40,Travel Rarely,77,21,No,3,5,4,0,3,36,Male,Married,Life Sciences,0,6,4,1,2,1,3,3
No,Sales,Sales Executive,1,40,Travel Rarely,98,18,No,3,5,3,0,3,25,Male,Married,Other,1,5,3,1,3,3,4,3
No,Research & Development,Manufacturing Director,1,40,Travel Rarely,66,20,Yes,2,17,14,5,15,35,Female,Married,Life Sciences,1,17,4,3,2,4,2,3
Yes,Research & Development,Research Scientist,1,40,Travel Frequently,96,19,Yes,3,10,2,7,8,35,Female,Divorced,Life Sciences,1,10,3,2,3,4,1,2
No,Research & Development,Laboratory Technician,1,40,No Travel,61,12,Yes,2,3,0,0,2,32,Male,Divorced,Life Sciences,0,4,3,4,3,4,2,3
No,Sales,Sales Executive,1,40,Travel Rarely,87,12,No,1,5,2,0,3,25,Male,Married,Marketing,1,5,3,1,2,3,1,4
No,Research & Development,Research Scientist,1,40,Travel Rarely,36,16,Yes,2,4,2,0,2,49,Female,Married,Technical Degree,2,7,3,1,3,3,2,3
No,Research & Development,Laboratory Technician,1,40,No Travel,46,17,No,2,5,2,3,4,24,Male,Married,Life Sciences,0,6,3,4,2,1,4,2
No,Sales,Sales Executive,1,40,Travel Frequently,48,14,Yes,3,10,8,5,3,32,Male,Married,Life Sciences,1,10,3,2,3,2,4,3
No,Sales,Sales Representative,1,40,Travel Rarely,98,19,Yes,3,2,2,1,2,38,Male,Married,Marketing,0,3,3,2,2,2,4,3
No,Research & Development,Laboratory Technician,1,40,Travel Rarely,95,13,Yes,1,5,3,1,3,42,Female,Married,Life Sciences,2,17,3,4,4,3,2,2
No,Research & Development,Research Scientist,1,40,Travel Rarely,48,19,Yes,2,6,4,0,2,31,Male,Married,Life Sciences,3,8,3,4,3,4,2,3
Yes,Sales,Sales Representative,1,40,Travel Rarely,48,19,Yes,3,3,2,0,2,29,Female,Divorced,Medical,6,5,3,3,2,2,3,3
No,Sales,Sales Executive,1,40,Travel Rarely,73,14,Yes,3,2,0,2,2,53,Male,Married,Marketing,5,28,3,4,3,1,3,3
No,Research & Development,Manufacturing Director,1,40,Travel Rarely,78,16,No,2,13,10,4,8,35,Male,Married,Technical Degree,3,16,3,2,2,4,1,3
No,Sales,Sales Representative,1,40,Travel Frequently,54,15,Yes,3,5,4,0,0,37,Female,Married,Medical,5,10,3,4,3,3,2,3
No,Research & Development,Research Director,1,40,Travel Rarely,72,18,No,0,12,9,3,8,53,Female,Single,Life Sciences,6,33,3,4,3,4,3,3
No,Research & Development,Healthcare Representative,1,40,Travel Frequently,33,13,Yes,2,5,2,2,2,43,Female,Married,Life Sciences,4,12,3,4,3,4,2,2
No,Sales,Sales Executive,1,40,Travel Rarely,35,22,Yes,2,7,6,7,7,47,Female,Married,Marketing,0,8,4,4,3,3,1,3
No,Sales,Sales Executive,1,40,No Travel,32,13,No,2,10,0,0,9,37,Male,Single,Medical,1,10,3,2,3,1,4,3
No,Research & Development,Manager,1,40,No Travel,98,11,Yes,3,31,6,14,7,50,Male,Divorced,Life Sciences,1,31,3,1,3,1,4,3
No,Human Resources,Human Resources,1,40,Travel Rarely,42,11,Yes,2,5,4,0,4,39,Female,Married,Life Sciences,8,13,3,4,2,4,3,3
No,Human Resources,Human Resources,1,40,Travel Rarely,57,11,Yes,4,4,3,0,3,33,Male,Divorced,Human Resources,3,7,3,2,3,4,3,4
Yes,Research & Development,Laboratory Technician,1,40,Travel Rarely,87,24,No,2,1,0,0,1,32,Male,Single,Life Sciences,1,1,4,4,3,1,3,1
No,Research & Development,Laboratory Technician,1,40,Travel Rarely,62,14,Yes,5,4,3,0,3,29,Female,Divorced,Medical,6,8,3,4,2,1,3,3
No,Research & Development,Research Scientist,1,40,Travel Rarely,61,13,No,0,8,7,7,1,44,Male,Married,Life Sciences,1,8,3,1,3,2,4,3
No,Sales,Sales Executive,1,40,Travel Rarely,98,14,No,3,4,2,0,2,28,Male,Single,Medical,1,4,3,4,3,1,2,3
Yes,Research & Development,Laboratory Technician,1,40,Travel Frequently,57,14,Yes,3,1,0,0,0,58,Male,Divorced,Life Sciences,9,3,3,4,2,4,4,2
No,Research & Development,Manufacturing Director,1,40,Travel Rarely,55,21,Yes,2,1,0,0,0,43,Female,Divorced,Life Sciences,4,4,4,2,3,1,3,4
Yes,Sales,Sales Representative,1,40,Travel Rarely,49,13,No,3,2,2,0,2,20,Female,Single,Medical,1,2,3,3,2,3,4,2
Yes,Research & Development,Research Scientist,1,40,Travel Rarely,65,19,No,3,1,0,0,0,21,Female,Single,Other,1,1,3,4,3,4,1,2
No,Research & Development,Healthcare Representative,1,40,Travel Rarely,68,17,Yes,2,16,8,4,11,36,Male,Married,Life Sciences,0,17,3,4,3,3,1,2
No,Sales,Sales Representative,1,40,Travel Rarely,65,18,No,3,3,2,1,2,47,Female,Single,Life Sciences,1,3,3,4,2,4,1,2
Yes,Research & Development,Manufacturing Director,1,40,Travel Rarely,34,19,Yes,3,3,2,0,2,22,Female,Married,Life Sciences,0,4,3,3,3,2,1,4
Yes,Research & Development,Laboratory Technician,1,40,Travel Rarely,57,13,Yes,1,7,7,1,0,41,Female,Divorced,Life Sciences,4,10,3,4,1,2,3,2
No,Research & Development,Research Scientist,1,40,Travel Rarely,77,18,Yes,2,2,2,2,2,28,Female,Divorced,Medical,5,6,3,3,3,3,2,3
Yes,Research & Development,Laboratory Technician,1,40,Travel Rarely,70,21,No,2,2,2,2,2,39,Male,Married,Medical,7,8,4,1,3,4,4,1
No,Research & Development,Research Scientist,1,40,Travel Rarely,76,19,No,2,1,1,0,0,27,Female,Single,Life Sciences,1,1,3,3,3,2,3,3
No,Research & Development,Laboratory Technician,1,40,Travel Rarely,83,14,Yes,3,1,0,1,0,34,Male,Divorced,Life Sciences,1,1,3,2,3,2,2,3
No,Sales,Sales Executive,1,40,Travel Rarely,68,17,No,6,5,4,0,3,42,Female,Single,Medical,7,10,3,3,2,3,1,3
No,Research & Development,Research Scientist,1,40,Travel Rarely,100,11,No,1,3,2,0,2,33,Male,Single,Other,3,6,3,1,2,3,2,3
No,Research & Development,Healthcare Representative,1,40,Travel Rarely,37,13,Yes,3,6,0,0,4,58,Female,Divorced,Technical Degree,2,24,3,2,2,3,4,3
No,Sales,Sales Representative,1,40,Travel Rarely,41,15,No,2,7,7,5,2,31,Male,Married,Life Sciences,3,13,3,3,2,2,2,4
No,Research & Development,Healthcare Representative,1,40,Travel Rarely,51,25,Yes,2,10,6,0,7,35,Female,Married,Life Sciences,1,10,4,4,3,4,4,1
No,Research & Development,Laboratory Technician,1,40,Travel Rarely,51,11,Yes,3,26,9,1,7,49,Female,Married,Other,4,29,3,2,3,1,3,2
No,Research & Development,Research Scientist,1,40,Travel Rarely,51,17,Yes,2,0,0,0,0,48,Male,Married,Medical,4,13,3,3,3,4,1,2
No,Sales,Sales Executive,1,40,No Travel,45,13,Yes,2,9,8,0,0,31,Female,Married,Marketing,1,9,3,3,3,4,4,2
No,Research & Development,Research Scientist,1,40,Travel Rarely,65,18,No,6,6,2,0,1,36,Male,Single,Other,2,8,3,4,3,2,3,3
No,Research & Development,Research Director,1,40,Travel Rarely,80,13,Yes,3,15,12,5,11,38,Female,Married,Technical Degree,1,15,3,1,3,4,2,3
No,Research & Development,Laboratory Technician,1,40,No Travel,70,20,No,3,3,0,0,2,32,Female,Married,Life Sciences,6,5,4,2,2,3,3,3
Yes,Sales,Sales Representative,1,40,Travel Rarely,36,18,Yes,2,1,0,0,0,25,Male,Married,Marketing,1,1,3,2,2,3,3,3
No,Sales,Sales Executive,1,40,Travel Rarely,67,12,Yes,2,1,0,0,0,40,Male,Divorced,Marketing,2,11,3,2,2,1,2,2
No,Sales,Sales Executive,1,40,Travel Frequently,52,12,No,2,7,7,0,7,26,Male,Single,Medical,1,7,3,1,2,3,2,3
No,Research & Development,Laboratory Technician,1,40,Travel Rarely,59,13,No,3,18,13,2,17,41,Male,Single,Medical,2,20,3,1,3,4,3,3
No,Research & Development,Laboratory Technician,1,40,Travel Rarely,79,21,No,6,11,8,3,9,36,Male,Single,Medical,4,16,4,3,3,3,3,3
Yes,Sales,Sales Representative,1,40,Travel Rarely,37,13,No,3,1,0,0,0,19,Male,Single,Other,1,1,3,2,2,4,2,4
Yes,Research & Development,Laboratory Technician,1,40,Travel Rarely,84,19,No,2,1,0,0,0,20,Male,Single,Technical Degree,1,1,3,1,3,1,2,3
No,Research & Development,Healthcare Representative,1,40,Travel Rarely,41,11,Yes,2,9,7,8,5,31,Female,Married,Medical,0,10,3,4,3,4,3,1
No,Research & Development,Research Scientist,1,40,Travel Frequently,35,14,Yes,2,1,1,0,0,40,Male,Divorced,Medical,8,3,3,2,3,4,4,3
No,Research & Development,Manufacturing Director,1,40,Travel Rarely,93,12,Yes,2,8,7,6,3,32,Female,Married,Medical,1,8,3,1,3,3,3,4
Yes,Sales,Sales Executive,1,40,Travel Rarely,51,11,Yes,6,16,7,3,7,36,Male,Married,Life Sciences,1,16,3,4,2,3,1,3
No,Research & Development,Healthcare Representative,1,40,Travel Rarely,42,14,No,3,5,0,1,4,33,Female,Single,Life Sciences,0,6,3,4,2,2,1,3
Yes,Sales,Sales Executive,1,40,Travel Rarely,46,11,No,2,14,1,11,7,37,Male,Married,Life Sciences,5,17,3,3,2,1,3,1
No,Research & Development,Laboratory Technician,1,40,No Travel,57,12,No,5,9,7,0,8,45,Male,Married,Life Sciences,1,9,3,2,3,3,2,2
No,Sales,Sales Representative,1,40,Travel Frequently,84,15,Yes,5,3,1,0,2,29,Female,Married,Technical Degree,1,3,3,4,3,3,2,3
No,Sales,Sales Executive,1,40,Travel Rarely,86,16,No,3,5,2,1,0,35,Female,Married,Medical,1,5,3,3,3,3,2,3
No,Research & Development,Manager,1,40,Travel Rarely,70,15,Yes,2,9,8,7,8,52,Male,Married,Life Sciences,2,26,3,4,3,4,2,2
Yes,Research & Development,Research Scientist,1,40,Travel Rarely,51,24,No,4,1,0,0,0,58,Male,Single,Technical Degree,4,7,4,3,3,4,1,3
No,Sales,Manager,1,40,Travel Rarely,45,13,Yes,3,17,13,15,2,53,Male,Divorced,Medical,6,22,3,3,3,3,3,4
No,Sales,Sales Executive,1,40,Travel Rarely,62,11,Yes,2,8,4,7,7,30,Male,Divorced,Other,5,10,3,3,3,3,1,4
No,Sales,Sales Executive,1,40,No Travel,85,13,No,1,5,3,1,3,38,Female,Single,Technical Degree,1,6,3,4,3,3,2,3
No,Sales,Sales Executive,1,40,Travel Rarely,92,13,Yes,2,10,9,0,8,35,Male,Divorced,Life Sciences,6,12,3,4,3,4,2,3
No,Sales,Sales Executive,1,40,Travel Rarely,41,18,No,3,8,7,0,7,39,Male,Single,Life Sciences,0,9,3,3,4,1,4,3
Yes,Sales,Sales Executive,1,40,No Travel,100,16,No,2,1,0,0,0,40,Female,Single,Life Sciences,4,22,3,2,4,2,4,2
No,Research & Development,Manufacturing Director,1,40,Travel Frequently,64,19,No,3,19,10,2,7,47,Male,Divorced,Medical,1,20,3,3,4,3,3,4
No,Sales,Sales Executive,1,40,No Travel,84,13,Yes,3,7,7,0,7,36,Male,Divorced,Technical Degree,4,12,3,4,3,1,4,3
Yes,Research & Development,Research Scientist,1,40,No Travel,46,22,No,0,3,2,1,2,31,Male,Single,Medical,0,4,4,1,2,3,1,3
No,Sales,Manager,1,40,No Travel,38,11,No,2,10,8,6,0,33,Male,Single,Life Sciences,1,10,3,3,3,4,4,3
Yes,Research & Development,Research Scientist,1,40,Travel Rarely,92,20,No,5,0,0,0,0,29,Female,Single,Life Sciences,6,3,4,1,2,4,3,3
No,Research & Development,Research Scientist,1,40,Travel Rarely,53,18,No,4,3,2,0,2,33,Female,Single,Life Sciences,3,5,3,4,3,2,1,3
No,Research & Development,Laboratory Technician,1,40,Travel Rarely,91,14,Yes,2,5,3,0,2,45,Female,Divorced,Medical,3,8,3,4,3,4,4,3
No,Research & Development,Research Director,1,40,Travel Rarely,66,22,Yes,1,5,4,1,3,50,Male,Divorced,Medical,9,32,4,4,3,4,3,2
No,Research & Development,Healthcare Representative,1,40,Travel Frequently,84,13,Yes,2,6,5,1,2,33,Female,Married,Other,1,6,3,2,4,3,1,3
No,Research & Development,Research Director,1,40,Travel Frequently,64,17,Yes,2,18,16,0,11,41,Male,Divorced,Medical,2,21,3,3,3,1,2,4
No,Research & Development,Laboratory Technician,1,40,Travel Rarely,37,14,Yes,2,2,2,2,2,27,Female,Married,Technical Degree,9,4,3,2,3,3,2,3
No,Research & Development,Laboratory Technician,1,40,No Travel,42,15,Yes,2,9,8,0,8,45,Male,Married,Life Sciences,1,9,3,1,3,4,3,3
No,Sales,Sales Executive,1,40,Travel Rarely,83,17,No,0,9,0,0,7,47,Female,Single,Life Sciences,1,9,3,4,3,4,3,3
Yes,Research & Development,Research Scientist,1,40,Travel Rarely,48,11,No,2,5,2,0,1,30,Female,Married,Life Sciences,4,7,3,3,3,1,2,3
No,Research & Development,Manufacturing Director,1,40,Travel Rarely,95,18,Yes,2,12,11,1,5,50,Male,Married,Life Sciences,3,22,3,3,3,4,4,3
No,Research & Development,Research Scientist,1,40,Travel Frequently,66,17,Yes,0,2,1,0,2,38,Male,Married,Medical,0,3,3,3,3,3,2,2
No,Research & Development,Manufacturing Director,1,40,Travel Rarely,75,13,Yes,3,8,7,0,7,46,Male,Divorced,Medical,6,13,3,3,3,4,2,3
No,Research & Development,Manufacturing Director,1,40,Travel Rarely,41,15,Yes,6,4,2,3,2,24,Female,Divorced,Medical,1,5,3,3,2,4,2,3
Yes,Research & Development,Laboratory Technician,1,40,Travel Rarely,39,24,Yes,2,4,2,0,2,35,Male,Divorced,Other,1,5,4,2,2,3,4,1
No,Research & Development,Manufacturing Director,1,40,Travel Frequently,96,12,Yes,1,4,3,0,3,31,Female,Married,Life Sciences,1,4,3,1,3,3,3,3
No,Research & Development,Research Scientist,1,40,No Travel,73,15,No,2,0,0,0,0,18,Male,Single,Life Sciences,1,0,3,4,3,2,4,3
No,Research & Development,Manufacturing Director,1,40,Travel Rarely,56,11,Yes,2,10,7,0,8,54,Female,Married,Technical Degree,8,22,3,3,3,3,3,3
No,Research & Development,Healthcare Representative,1,40,Travel Rarely,57,11,Yes,3,16,10,10,1,35,Female,Divorced,Medical,1,16,3,3,3,3,3,2
No,Research & Development,Research Director,1,40,Travel Rarely,73,12,Yes,4,8,7,1,7,30,Female,Married,Life Sciences,0,9,3,1,4,2,3,2
Yes,Research & Development,Research Scientist,1,40,Travel Rarely,98,15,No,2,1,0,0,0,20,Female,Single,Medical,1,1,3,1,2,4,1,3
Yes,Research & Development,Laboratory Technician,1,40,Travel Frequently,60,17,No,3,3,2,1,2,30,Female,Single,Medical,0,4,3,2,3,2,1,3
No,Research & Development,Manufacturing Director,1,40,Travel Rarely,32,12,No,2,8,7,1,3,26,Male,Married,Medical,1,8,3,4,4,4,2,3
No,Research & Development,Laboratory Technician,1,40,Travel Rarely,94,15,Yes,3,4,3,1,1,22,Male,Married,Life Sciences,1,4,3,1,1,2,1,2
No,Research & Development,Healthcare Representative,1,40,Travel Rarely,97,13,No,0,2,2,2,2,48,Male,Single,Life Sciences,2,19,3,3,2,1,4,3
No,Research & Development,Healthcare Representative,1,40,Travel Rarely,78,14,No,3,15,11,4,8,48,Male,Single,Life Sciences,7,27,3,3,2,3,2,3
No,Research & Development,Manufacturing Director,1,40,Travel Rarely,42,14,No,6,2,2,2,1,41,Female,Single,Medical,6,8,3,3,3,4,2,3
No,Research & Development,Manufacturing Director,1,40,Travel Rarely,65,16,Yes,3,21,6,11,8,39,Female,Married,Life Sciences,1,21,3,4,2,4,3,3
No,Research & Development,Manufacturing Director,1,40,Travel Rarely,47,18,Yes,2,3,2,2,2,27,Female,Married,Life Sciences,0,4,3,4,3,1,2,3
No,Research & Development,Laboratory Technician,1,40,Travel Rarely,45,20,Yes,4,3,2,1,2,35,Male,Divorced,Other,1,3,4,4,3,2,1,2
No,Sales,Manager,1,40,Travel Rarely,90,13,No,3,1,0,0,0,42,Male,Married,Marketing,6,21,3,3,3,4,2,4
No,Research & Development,Laboratory Technician,1,40,Travel Rarely,64,18,No,5,1,0,0,0,50,Male,Married,Life Sciences,4,8,3,4,3,1,2,3
No,Research & Development,Manufacturing Director,1,40,Travel Rarely,69,13,No,4,5,3,4,3,59,Female,Single,Life Sciences,3,30,3,4,2,3,1,3
Yes,Research & Development,Healthcare Representative,1,40,Travel Rarely,61,15,No,2,1,0,0,0,37,Female,Married,Medical,5,15,3,2,1,1,1,1
No,Research & Development,Healthcare Representative,1,40,Travel Frequently,62,14,Yes,3,8,7,6,7,55,Male,Married,Medical,3,17,3,2,3,3,4,3
No,Research & Development,Research Director,1,40,No Travel,55,22,Yes,3,21,16,5,10,41,Female,Divorced,Life Sciences,1,21,4,3,1,2,2,3
No,Sales,Sales Executive,1,40,Travel Rarely,42,12,No,1,1,0,0,0,38,Male,Single,Life Sciences,8,19,3,4,3,2,3,3
Yes,Sales,Sales Executive,1,40,No Travel,79,18,No,6,2,2,2,2,26,Male,Single,Medical,8,7,3,1,1,2,4,3
Yes,Sales,Manager,1,40,Travel Rarely,57,15,Yes,3,32,14,6,9,52,Female,Married,Marketing,1,33,3,4,1,1,4,3
No,Sales,Sales Executive,1,40,Travel Rarely,53,18,Yes,2,12,11,11,11,44,Female,Married,Medical,3,23,3,4,4,4,3,3
No,Sales,Sales Executive,1,40,No Travel,95,12,Yes,3,18,7,0,13,50,Female,Married,Life Sciences,0,19,3,3,3,4,1,3
Yes,Research & Development,Laboratory Technician,1,40,Travel Rarely,43,16,No,1,17,13,15,14,36,Female,Single,Life Sciences,1,18,3,1,4,3,3,3
No,Research & Development,Manufacturing Director,1,40,Travel Frequently,82,13,No,2,21,6,2,8,39,Female,Single,Medical,1,21,3,1,3,4,3,3
No,Sales,Sales Representative,1,40,No Travel,88,19,No,2,2,2,2,2,33,Female,Single,Life Sciences,0,3,3,4,2,2,4,2
No,Sales,Manager,1,40,Travel Rarely,90,13,Yes,4,9,3,1,1,45,Female,Married,Life Sciences,3,26,3,4,3,4,2,4
No,Research & Development,Laboratory Technician,1,40,No Travel,69,12,No,2,8,7,7,7,32,Female,Single,Medical,9,10,3,3,3,4,2,3
No,Sales,Sales Executive,1,40,Travel Rarely,75,11,Yes,2,15,1,0,9,34,Male,Divorced,Marketing,0,16,3,4,4,2,4,2
No,Sales,Manager,1,40,Travel Rarely,66,14,Yes,1,6,4,0,4,59,Male,Married,Technical Degree,3,14,3,4,3,2,3,1
No,Human Resources,Human Resources,1,40,Travel Rarely,36,16,No,3,6,3,0,4,45,Male,Single,Medical,1,6,3,2,3,2,1,3
No,Sales,Sales Executive,1,40,Travel Frequently,38,12,Yes,2,15,7,6,12,53,Female,Married,Marketing,2,30,3,2,2,3,1,3
Yes,Research & Development,Laboratory Technician,1,40,Travel Rarely,81,14,Yes,3,1,0,0,0,36,Male,Divorced,Other,7,9,3,3,3,1,2,2
Yes,Research & Development,Research Scientist,1,40,Travel Frequently,57,14,Yes,2,3,2,1,2,26,Male,Married,Life Sciences,6,6,3,1,3,1,2,3
No,Sales,Sales Representative,1,40,Travel Rarely,87,19,Yes,2,1,1,0,0,34,Female,Married,Life Sciences,1,1,3,3,3,3,4,3
No,Sales,Sales Representative,1,40,Travel Rarely,74,22,No,5,1,0,0,0,28,Male,Married,Medical,1,1,4,2,3,4,2,3
No,Research & Development,Research Scientist,1,40,Travel Frequently,44,16,Yes,2,2,2,2,2,38,Male,Married,Other,3,8,3,3,3,3,1,3
No,Research & Development,Research Director,1,40,Travel Rarely,62,11,Yes,2,8,1,7,7,50,Male,Married,Medical,2,29,3,3,3,2,4,2
No,Research & Development,Healthcare Representative,1,40,Travel Rarely,35,15,No,3,4,3,0,1,37,Female,Single,Other,3,8,3,2,3,4,1,2
No,Sales,Sales Executive,1,40,Travel Rarely,74,14,Yes,3,7,7,7,5,40,Male,Married,Marketing,1,8,3,1,3,3,2,2
No,Research & Development,Research Scientist,1,40,Travel Frequently,66,13,Yes,5,5,3,1,3,26,Female,Divorced,Medical,1,5,3,3,2,1,3,3
No,Research & Development,Research Director,1,40,Travel Rarely,40,17,Yes,0,2,2,2,2,46,Male,Divorced,Medical,9,23,3,4,3,4,4,3
No,Sales,Sales Executive,1,40,Travel Rarely,41,11,Yes,4,9,4,7,0,54,Female,Married,Life Sciences,6,13,3,3,2,3,2,3
No,Research & Development,Research Scientist,1,40,Travel Frequently,63,19,Yes,4,5,4,0,3,56,Female,Married,Medical,2,18,3,3,3,1,2,3
No,Research & Development,Manufacturing Director,1,40,Travel Rarely,51,11,No,2,14,8,7,8,36,Female,Single,Medical,0,15,3,4,2,4,2,2
No,Research & Development,Manager,1,40,No Travel,40,15,No,3,9,7,6,2,55,Male,Single,Medical,7,31,3,1,2,3,2,4
No,Sales,Sales Executive,1,40,Travel Rarely,79,13,Yes,5,1,0,0,0,43,Male,Divorced,Medical,5,18,3,4,2,3,3,3
Yes,Sales,Sales Representative,1,40,Travel Frequently,54,14,No,3,2,2,0,2,20,Female,Single,Marketing,1,2,3,4,3,4,2,3
Yes,Research & Development,Laboratory Technician,1,40,Travel Rarely,36,13,No,6,1,0,1,0,21,Female,Single,Life Sciences,1,1,3,1,2,3,1,2
No,Research & Development,Research Scientist,1,40,Travel Rarely,74,23,Yes,2,16,13,1,7,46,Female,Divorced,Life Sciences,8,19,4,1,2,4,1,3
Yes,Research & Development,Research Scientist,1,40,Travel Rarely,34,12,Yes,2,10,0,2,7,51,Male,Married,Life Sciences,9,18,3,3,3,1,3,4
Yes,Research & Development,Healthcare Representative,1,40,No Travel,72,12,No,2,10,7,1,9,28,Male,Single,Technical Degree,1,10,3,1,2,2,1,2
No,Research & Development,Laboratory Technician,1,40,Travel Rarely,59,16,Yes,2,5,3,1,3,26,Male,Married,Medical,1,6,3,1,2,1,1,3
No,Research & Development,Manufacturing Director,1,40,Travel Rarely,85,15,Yes,1,6,2,0,2,30,Male,Married,Other,0,7,3,1,3,3,3,2
No,Research & Development,Research Scientist,1,40,Travel Rarely,43,13,No,3,10,6,0,8,41,Female,Married,Technical Degree,1,10,3,3,4,2,3,3
No,Research & Development,Healthcare Representative,1,40,Travel Rarely,65,18,Yes,4,19,9,1,9,38,Female,Married,Life Sciences,0,20,3,3,2,3,1,2
No,Research & Development,Healthcare Representative,1,40,Travel Rarely,61,20,Yes,6,11,10,11,1,40,Male,Married,Technical Degree,4,14,4,4,3,1,4,3
No,Research & Development,Laboratory Technician,1,40,No Travel,87,19,Yes,4,3,2,1,2,27,Male,Married,Life Sciences,1,3,3,3,1,1,4,3
No,Research & Development,Manufacturing Director,1,40,Travel Frequently,65,18,Yes,4,3,2,1,2,55,Male,Married,Life Sciences,3,23,3,2,3,4,2,3
No,Research & Development,Research Scientist,1,40,Travel Rarely,59,13,No,4,8,7,1,7,28,Female,Single,Other,3,10,3,3,3,3,4,4
Yes,Human Resources,Human Resources,1,40,Travel Rarely,91,14,Yes,1,20,6,3,6,44,Male,Married,Medical,9,24,3,1,2,2,4,3
No,Research & Development,Healthcare Representative,1,40,Travel Rarely,34,15,Yes,2,3,2,1,2,33,Male,Divorced,Life Sciences,4,9,3,4,2,4,3,3
Yes,Sales,Sales Executive,1,40,Travel Rarely,86,22,No,2,8,7,4,7,35,Male,Single,Technical Degree,0,9,4,1,3,4,1,3
Yes,Research & Development,Research Scientist,1,40,Travel Frequently,54,22,No,4,13,7,3,8,33,Female,Single,Medical,1,14,4,3,2,1,2,3
No,Research & Development,Laboratory Technician,1,40,Travel Rarely,50,16,Yes,5,4,2,2,2,28,Male,Divorced,Life Sciences,1,4,3,3,3,1,4,2
No,Research & Development,Healthcare Representative,1,40,Travel Frequently,45,17,No,1,6,2,0,4,34,Male,Single,Life Sciences,0,7,3,4,3,1,3,2
No,Sales,Sales Executive,1,40,Travel Rarely,88,14,Yes,5,1,0,0,0,37,Female,Divorced,Life Sciences,2,8,3,4,2,4,3,3
Yes,Research & Development,Laboratory Technician,1,40,Travel Rarely,32,15,Yes,3,7,7,5,6,25,Male,Married,Technical Degree,1,7,3,4,3,4,2,4
Yes,Research & Development,Laboratory Technician,1,40,Travel Rarely,37,20,Yes,0,1,1,0,0,26,Male,Divorced,Medical,1,1,4,3,3,1,3,2
Yes,Research & Development,Research Scientist,1,40,Travel Rarely,55,20,No,0,2,2,2,2,33,Male,Single,Medical,4,5,4,2,2,1,2,3
No,Research & Development,Manager,1,40,Travel Rarely,35,17,Yes,3,22,6,13,7,42,Male,Married,Medical,0,23,3,1,3,4,4,3
Yes,Research & Development,Laboratory Technician,1,40,Travel Frequently,45,15,Yes,2,1,0,0,0,28,Male,Divorced,Medical,1,1,3,2,2,1,1,3
Yes,Sales,Sales Executive,1,40,Travel Frequently,81,14,No,4,0,0,0,0,50,Male,Single,Other,3,5,3,3,3,4,4,3
No,Sales,Sales Executive,1,40,Travel Frequently,30,17,Yes,3,3,2,0,2,33,Female,Married,Life Sciences,0,4,3,2,3,4,3,3
No,Research & Development,Research Scientist,1,40,No Travel,40,17,Yes,2,0,0,0,0,34,Male,Married,Life Sciences,3,6,3,4,2,3,4,3
No,Research & Development,Manager,1,40,No Travel,35,22,No,3,5,4,2,1,48,Male,Single,Medical,2,27,4,4,4,1,3,2
No,Sales,Sales Executive,1,40,No Travel,65,13,Yes,2,15,10,4,12,45,Female,Married,Life Sciences,1,15,3,3,2,2,4,3
No,Research & Development,Healthcare Representative,1,40,Travel Rarely,87,19,No,4,8,6,4,0,52,Male,Single,Life Sciences,7,18,3,2,3,2,4,3
No,Sales,Sales Executive,1,40,Travel Rarely,73,14,Yes,2,8,7,2,7,38,Male,Divorced,Marketing,0,9,3,3,2,3,2,3
No,Research & Development,Research Scientist,1,40,Travel Rarely,93,22,Yes,1,7,5,1,7,29,Female,Divorced,Life Sciences,4,11,4,4,3,3,1,3
No,Research & Development,Manufacturing Director,1,40,Travel Rarely,93,17,Yes,3,9,7,1,7,28,Female,Divorced,Medical,0,10,3,2,3,4,2,2
No,Sales,Manager,1,40,Travel Rarely,52,12,Yes,3,12,9,4,9,46,Male,Married,Marketing,3,23,3,3,3,1,4,3
No,Sales,Sales Executive,1,40,Travel Rarely,32,16,No,2,1,0,0,0,38,Male,Single,Marketing,7,10,3,2,3,4,3,3
No,Research & Development,Manufacturing Director,1,40,Travel Frequently,83,11,Yes,1,8,7,0,1,43,Female,Married,Life Sciences,8,18,3,1,3,3,3,3
Yes,Research & Development,Healthcare Representative,1,40,Travel Frequently,84,11,Yes,4,18,7,11,5,39,Male,Divorced,Life Sciences,7,21,3,4,3,1,4,3
No,Research & Development,Research Director,1,40,Travel Rarely,44,14,No,2,20,7,4,9,40,Male,Single,Medical,1,21,3,3,2,3,1,4
No,Research & Development,Research Scientist,1,40,Travel Rarely,70,11,No,6,2,2,2,2,21,Female,Single,Technical Degree,1,2,3,2,2,4,3,4
No,Research & Development,Laboratory Technician,1,40,No Travel,70,15,No,2,5,4,0,3,39,Male,Single,Life Sciences,9,9,3,2,3,3,3,2
No,Research & Development,Manufacturing Director,1,40,No Travel,78,20,No,0,11,9,0,9,36,Male,Single,Life Sciences,2,18,4,4,3,1,1,3
No,Sales,Sales Representative,1,40,Travel Frequently,67,12,Yes,4,2,2,2,2,31,Male,Married,Life Sciences,0,3,3,4,4,3,1,3
No,Research & Development,Research Scientist,1,40,Travel Rarely,67,17,No,2,5,3,0,4,28,Male,Married,Life Sciences,0,6,3,2,2,1,1,1
No,Sales,Sales Executive,1,40,Travel Frequently,54,11,Yes,3,5,2,0,2,35,Male,Divorced,Marketing,1,5,3,4,3,4,4,3
No,Sales,Sales Executive,1,40,Travel Rarely,56,17,Yes,3,9,8,2,3,49,Male,Married,Technical Degree,6,22,3,2,2,4,2,3
No,Research & Development,Manufacturing Director,1,40,Travel Frequently,95,11,No,3,3,2,0,2,34,Male,Single,Life Sciences,2,5,3,3,3,4,4,2
No,Research & Development,Research Scientist,1,40,Travel Frequently,61,14,Yes,2,7,5,1,1,29,Female,Divorced,Life Sciences,0,8,3,2,3,4,4,2
No,Research & Development,Laboratory Technician,1,40,Travel Rarely,56,19,No,3,1,0,0,0,42,Male,Single,Medical,4,16,3,4,1,2,1,3
No,Research & Development,Manufacturing Director,1,40,Travel Rarely,79,15,Yes,2,10,7,1,2,29,Male,Married,Medical,1,10,3,4,2,2,3,2
No,Human Resources,Human Resources,1,40,Travel Rarely,37,13,Yes,2,7,6,5,0,38,Male,Married,Human Resources,1,7,3,3,4,3,4,4
No,Research & Development,Research Scientist,1,40,Travel Frequently,39,14,Yes,2,3,1,0,2,28,Male,Divorced,Life Sciences,1,3,3,3,2,3,4,3
Yes,Research & Development,Laboratory Technician,1,40,No Travel,80,12,No,0,0,0,0,0,18,Male,Single,Medical,1,0,3,3,3,3,4,3
Yes,Sales,Sales Executive,1,40,Travel Rarely,77,17,No,3,5,2,0,3,33,Female,Single,Marketing,0,6,3,1,3,1,1,3
No,Research & Development,Laboratory Technician,1,40,Travel Rarely,46,11,Yes,4,1,0,0,0,41,Male,Married,Life Sciences,3,6,3,4,3,2,1,3
Yes,Research & Development,Laboratory Technician,1,40,Travel Frequently,72,12,Yes,5,2,2,2,2,31,Male,Married,Medical,1,2,3,3,3,3,3,2
No,Research & Development,Healthcare Representative,1,40,Travel Rarely,52,13,Yes,2,6,2,1,3,37,Female,Divorced,Medical,7,9,3,4,2,3,3,3
No,Research & Development,Research Scientist,1,40,Travel Rarely,55,13,Yes,0,4,2,2,2,27,Male,Married,Life Sciences,1,4,3,3,2,4,3,3
No,Sales,Sales Executive,1,40,Travel Rarely,70,20,No,3,6,5,1,3,34,Female,Married,Life Sciences,1,6,4,3,3,2,1,2
No,Human Resources,Human Resources,1,40,Travel Rarely,100,17,No,2,5,4,1,4,35,Male,Single,Technical Degree,1,6,3,3,3,3,2,1
Yes,Sales,Sales Executive,1,40,Travel Rarely,45,13,Yes,3,11,8,3,10,29,Female,Married,Life Sciences,1,11,3,1,2,4,1,1
No,Research & Development,Research Director,1,40,Travel Frequently,88,17,No,3,18,7,2,13,40,Female,Single,Medical,9,20,3,3,3,2,3,2
Yes,Sales,Sales Executive,1,40,Travel Frequently,44,12,No,2,21,9,13,14,42,Male,Single,Life Sciences,0,22,3,1,3,3,2,2
No,Sales,Sales Executive,1,40,Travel Rarely,45,13,No,3,6,4,1,5,42,Male,Single,Marketing,7,9,3,1,3,2,4,4
No,Research & Development,Laboratory Technician,1,40,Travel Rarely,58,12,Yes,2,8,0,1,7,35,Male,Married,Medical,6,10,3,3,2,4,2,3
No,Research & Development,Laboratory Technician,1,40,Travel Rarely,49,22,No,2,4,3,1,2,24,Male,Single,Medical,8,6,4,2,3,4,4,3
Yes,Research & Development,Laboratory Technician,1,40,Travel Rarely,79,11,No,4,1,1,0,0,28,Female,Married,Life Sciences,1,1,3,4,3,3,4,2
No,Research & Development,Laboratory Technician,1,40,Travel Rarely,82,22,Yes,2,8,7,0,7,26,Male,Married,Medical,1,8,4,4,4,1,2,3
No,Sales,Sales Executive,1,40,Travel Rarely,72,18,Yes,3,10,3,1,4,30,Male,Married,Marketing,1,10,3,3,2,3,1,3
No,Research & Development,Research Scientist,1,40,Travel Frequently,92,13,Yes,3,1,1,0,0,40,Female,Married,Medical,3,16,3,4,2,3,4,1
No,Research & Development,Manufacturing Director,1,40,Travel Rarely,44,18,Yes,2,7,7,6,4,35,Male,Divorced,Life Sciences,2,15,3,2,2,3,2,4
No,Research & Development,Healthcare Representative,1,40,Travel Frequently,97,20,No,3,13,9,4,9,34,Male,Single,Medical,0,14,4,1,2,4,3,3
No,Research & Development,Laboratory Technician,1,40,Travel Frequently,47,13,Yes,2,2,2,2,2,35,Male,Married,Other,1,2,3,4,2,4,2,4
Yes,Sales,Sales Executive,1,40,Travel Rarely,85,13,No,2,4,3,1,3,43,Female,Single,Marketing,8,7,3,3,1,1,2,2
No,Sales,Sales Representative,1,40,No Travel,76,12,Yes,3,1,0,0,0,32,Female,Divorced,Life Sciences,1,1,3,1,3,3,3,3
No,Research & Development,Manager,1,40,Travel Rarely,92,13,Yes,2,5,2,4,2,56,Female,Divorced,Technical Degree,4,28,3,1,3,4,4,3
No,Research & Development,Laboratory Technician,1,40,Travel Rarely,54,13,Yes,5,10,8,0,8,29,Female,Married,Medical,1,10,3,4,3,2,1,3
No,Research & Development,Research Scientist,1,40,Travel Rarely,54,25,No,4,1,1,0,0,19,Male,Single,Life Sciences,1,1,4,1,3,3,3,3
No,Research & Development,Research Scientist,1,40,Travel Rarely,83,19,Yes,2,3,2,0,2,45,Female,Married,Medical,4,7,3,3,3,1,3,2
No,Research & Development,Manufacturing Director,1,40,Travel Rarely,56,13,Yes,2,14,8,3,11,37,Female,Married,Life Sciences,1,14,3,4,2,4,2,2
No,Research & Development,Laboratory Technician,1,40,Travel Rarely,87,12,No,2,2,2,1,2,20,Male,Single,Life Sciences,1,2,3,3,2,1,1,2
Yes,Research & Development,Research Scientist,1,40,Travel Rarely,96,11,No,4,6,4,0,2,44,Male,Single,Life Sciences,1,6,3,3,3,3,3,3
No,Research & Development,Manager,1,40,Travel Rarely,50,18,Yes,6,7,7,4,7,53,Female,Divorced,Medical,3,26,3,3,3,4,2,3
No,Research & Development,Research Scientist,1,40,Travel Rarely,69,18,Yes,2,5,4,1,3,29,Female,Married,Life Sciences,0,6,3,4,1,2,1,2
Yes,Research & Development,Research Scientist,1,40,Travel Frequently,48,11,Yes,5,0,0,0,0,22,Male,Married,Life Sciences,0,1,3,4,2,3,2,3
No,Sales,Manager,1,40,Travel Rarely,69,23,No,2,26,15,15,9,46,Female,Married,Marketing,8,28,4,1,3,3,1,3
No,Research & Development,Research Scientist,1,40,No Travel,74,13,No,3,0,0,0,0,44,Male,Single,Life Sciences,2,6,3,3,1,4,4,3
No,Human Resources,Human Resources,1,40,Travel Rarely,99,13,Yes,2,5,4,1,4,33,Male,Married,Human Resources,1,5,3,3,3,2,4,3
Yes,Research & Development,Research Scientist,1,40,No Travel,95,17,Yes,2,1,0,0,0,41,Male,Divorced,Life Sciences,6,5,3,1,2,1,1,1
No,Sales,Sales Executive,1,40,Travel Rarely,61,19,Yes,3,4,3,0,3,30,Male,Divorced,Life Sciences,8,8,3,1,3,3,3,3
No,Sales,Sales Executive,1,40,Travel Frequently,62,12,Yes,2,0,0,0,0,40,Male,Married,Medical,5,5,3,2,3,2,4,3
No,Research & Development,Manager,1,40,Travel Frequently,30,22,Yes,3,2,2,2,2,50,Female,Married,Medical,2,32,4,1,3,4,3,3
No,Research & Development,Laboratory Technician,1,40,Travel Rarely,78,12,Yes,2,6,5,3,3,28,Male,Married,Medical,1,6,3,1,2,4,3,3
No,Research & Development,Research Director,1,40,Travel Rarely,52,11,Yes,2,4,2,0,3,46,Male,Married,Life Sciences,5,25,3,2,3,4,1,3
No,Sales,Sales Executive,1,40,Travel Rarely,94,15,Yes,2,7,7,1,7,35,Male,Married,Life Sciences,3,15,3,1,3,3,4,3
Yes,Research & Development,Laboratory Technician,1,40,Travel Rarely,97,13,Yes,3,1,0,0,0,24,Female,Married,Life Sciences,1,1,3,2,3,4,1,1
No,Sales,Sales Executive,1,40,Travel Frequently,82,12,Yes,3,10,7,0,1,33,Female,Married,Medical,1,10,3,3,3,2,1,2
No,Research & Development,Laboratory Technician,1,40,Travel Rarely,60,14,Yes,4,7,7,1,7,36,Male,Divorced,Life Sciences,1,7,3,3,1,3,3,3
No,Research & Development,Laboratory Technician,1,40,Travel Rarely,49,13,Yes,4,10,7,8,9,30,Male,Divorced,Life Sciences,1,10,3,3,3,3,1,2
No,Research & Development,Research Scientist,1,40,Travel Rarely,32,25,No,3,20,11,13,17,44,Male,Single,Other,1,20,4,4,3,4,2,3
No,Sales,Sales Representative,1,40,Travel Rarely,43,17,No,2,2,1,2,2,20,Male,Single,Marketing,1,2,3,4,4,3,4,3
No,Research & Development,Manufacturing Director,1,40,Travel Rarely,60,11,Yes,3,6,3,1,4,46,Male,Divorced,Technical Degree,2,12,3,4,3,4,3,2
No,Human Resources,Human Resources,1,40,No Travel,79,16,Yes,3,4,3,0,3,42,Male,Married,Medical,7,10,3,1,4,4,1,4
No,Sales,Sales Executive,1,40,Travel Rarely,52,18,Yes,3,11,7,1,9,60,Male,Divorced,Marketing,0,12,3,4,4,2,2,3
No,Research & Development,Laboratory Technician,1,40,Travel Frequently,77,20,Yes,2,2,2,2,2,32,Female,Married,Other,1,2,4,2,2,3,3,3
No,Research & Development,Research Scientist,1,40,Travel Frequently,38,14,No,2,8,7,0,7,32,Female,Single,Life Sciences,4,10,3,3,3,4,4,3
No,Research & Development,Manufacturing Director,1,40,Travel Rarely,77,21,Yes,2,7,7,7,7,36,Female,Divorced,Technical Degree,2,17,4,1,1,3,3,3
No,Research & Development,Research Scientist,1,40,Travel Rarely,60,13,Yes,5,14,10,4,10,33,Male,Married,Medical,0,15,3,4,3,1,2,3
No,Sales,Sales Executive,1,40,Travel Rarely,84,12,Yes,2,5,1,1,3,40,Female,Divorced,Technical Degree,7,7,3,2,2,2,2,4
No,Sales,Sales Executive,1,40,Travel Rarely,57,14,No,4,4,3,1,1,25,Male,Single,Life Sciences,0,5,3,4,3,3,2,3
No,Research & Development,Research Scientist,1,40,Travel Rarely,63,21,Yes,2,11,9,5,7,30,Male,Married,Medical,0,12,4,2,3,4,1,3
No,Research & Development,Research Director,1,40,Travel Frequently,60,17,No,6,1,0,0,0,42,Female,Married,Medical,3,20,3,1,3,1,3,3
No,Sales,Sales Executive,1,40,No Travel,78,11,Yes,6,13,2,4,12,35,Female,Married,Marketing,4,16,3,4,2,3,2,2
No,Research & Development,Research Scientist,1,40,Travel Rarely,42,14,Yes,3,9,7,6,8,27,Male,Married,Life Sciences,1,9,3,1,3,1,4,2
No,Research & Development,Manufacturing Director,1,40,Travel Frequently,53,17,Yes,2,5,4,1,4,54,Female,Divorced,Life Sciences,7,33,3,3,3,4,1,1
No,Research & Development,Research Scientist,1,40,Travel Rarely,72,13,Yes,5,10,5,7,7,44,Female,Married,Life Sciences,1,10,3,4,4,1,4,3
Yes,Research & Development,Research Scientist,1,40,No Travel,96,25,No,2,1,1,0,0,19,Female,Single,Medical,1,1,4,2,2,1,2,4
No,Research & Development,Research Scientist,1,40,Travel Rarely,97,15,Yes,5,3,2,1,2,29,Female,Divorced,Life Sciences,1,3,3,4,3,1,1,3
No,Research & Development,Research Director,1,40,Travel Rarely,85,14,No,2,10,9,0,9,54,Male,Married,Life Sciences,3,36,3,4,3,4,1,3
No,Research & Development,Healthcare Representative,1,40,Travel Rarely,80,12,No,2,6,5,0,1,31,Male,Married,Medical,1,6,3,1,3,3,4,2
No,Research & Development,Healthcare Representative,1,40,Travel Rarely,96,19,No,2,10,9,1,8,31,Female,Single,Medical,1,10,3,1,2,3,2,3
No,Sales,Sales Executive,1,40,Travel Rarely,48,17,No,2,6,1,0,5,59,Female,Single,Life Sciences,5,13,3,4,2,3,4,3
No,Research & Development,Research Director,1,40,Travel Rarely,96,14,Yes,2,8,7,0,7,43,Male,Married,Life Sciences,3,25,3,4,1,3,2,3
No,Research & Development,Manager,1,40,Travel Rarely,85,13,Yes,2,1,0,0,0,49,Male,Married,Medical,2,23,3,3,2,1,3,4
No,Research & Development,Research Scientist,1,40,Travel Frequently,46,12,No,2,11,10,0,7,36,Male,Married,Technical Degree,1,12,3,2,3,3,3,2
No,Research & Development,Laboratory Technician,1,40,Travel Rarely,76,11,No,4,1,0,0,0,48,Male,Single,Technical Degree,5,7,3,2,4,4,3,2
No,Research & Development,Research Scientist,1,40,Travel Rarely,76,11,Yes,2,5,3,0,3,27,Male,Divorced,Life Sciences,1,5,3,3,3,1,2,3
No,Research & Development,Healthcare Representative,1,40,Travel Rarely,82,11,Yes,2,6,0,1,0,29,Male,Divorced,Life Sciences,1,6,3,4,3,3,2,3
No,Research & Development,Research Director,1,40,Travel Rarely,76,12,No,3,1,0,0,0,48,Male,Single,Life Sciences,6,25,3,4,2,4,3,4
No,Research & Development,Research Director,1,40,Travel Rarely,87,14,Yes,2,7,7,1,7,29,Female,Divorced,Life Sciences,3,9,3,4,2,4,2,2
No,Research & Development,Research Scientist,1,40,Travel Rarely,89,17,No,5,1,0,0,0,34,Female,Married,Technical Degree,0,2,3,3,4,3,4,2
No,Sales,Manager,1,40,Travel Rarely,88,11,Yes,5,22,9,3,10,44,Male,Married,Marketing,7,26,3,2,3,2,3,3
No,Sales,Sales Executive,1,40,Travel Rarely,82,14,Yes,3,9,8,0,8,33,Male,Divorced,Marketing,0,10,3,3,4,4,4,3
No,Research & Development,Research Scientist,1,40,Travel Rarely,57,12,No,2,1,0,0,1,19,Female,Single,Life Sciences,1,1,3,4,4,2,4,3
No,Research & Development,Research Scientist,1,40,Travel Rarely,47,22,Yes,2,1,0,0,1,23,Male,Married,Life Sciences,1,1,4,3,3,4,4,3
Yes,Sales,Sales Representative,1,40,Travel Frequently,73,14,No,4,1,0,1,0,25,Male,Single,Life Sciences,1,1,3,4,1,3,4,3
No,Research & Development,Research Scientist,1,40,Travel Rarely,53,20,No,2,8,5,2,2,26,Male,Single,Life Sciences,1,8,4,4,3,3,2,2
Yes,Sales,Manager,1,40,Travel Rarely,94,16,No,2,24,10,1,11,45,Female,Single,Marketing,2,26,3,2,1,1,1,3
No,Research & Development,Healthcare Representative,1,40,No Travel,37,15,Yes,3,33,9,15,0,55,Male,Divorced,Medical,1,34,3,2,2,4,4,3
Yes,Research & Development,Laboratory Technician,1,40,Travel Frequently,45,20,No,2,2,2,2,2,21,Female,Single,Life Sciences,1,2,4,3,2,1,3,1
No,Sales,Manager,1,40,Travel Rarely,33,14,Yes,2,11,4,0,8,46,Female,Married,Marketing,2,26,3,2,2,4,3,3
No,Sales,Sales Executive,1,40,Travel Rarely,86,12,No,3,3,2,0,2,34,Female,Single,Marketing,0,4,3,1,3,3,4,3
No,Sales,Manager,1,40,Travel Frequently,83,24,Yes,5,29,10,11,10,51,Male,Divorced,Life Sciences,4,31,4,2,3,4,1,2
No,Research & Development,Manufacturing Director,1,40,Travel Rarely,67,12,No,6,9,7,5,4,59,Male,Single,Medical,6,25,3,4,3,4,4,2
No,Research & Development,Laboratory Technician,1,40,Travel Frequently,46,13,Yes,2,11,8,5,10,34,Female,Divorced,Medical,4,15,3,2,3,3,3,4
No,Research & Development,Laboratory Technician,1,40,Travel Frequently,44,11,No,2,4,2,0,2,28,Male,Single,Medical,0,5,3,3,3,4,3,2
No,Research & Development,Manager,1,40,Travel Rarely,92,14,Yes,4,25,9,14,13,44,Male,Divorced,Life Sciences,1,26,3,1,4,3,4,2
No,Human Resources,Human Resources,1,40,Travel Frequently,56,11,Yes,5,10,9,1,8,34,Male,Married,Life Sciences,4,14,3,2,2,3,4,4
No,Research & Development,Research Scientist,1,40,Travel Rarely,66,14,No,3,3,2,2,2,35,Male,Married,Life Sciences,0,4,3,3,3,3,4,3
No,Research & Development,Research Scientist,1,40,Travel Rarely,78,16,No,2,1,0,0,0,42,Female,Married,Medical,6,18,3,2,4,2,4,3
No,Sales,Sales Executive,1,40,Travel Rarely,56,14,No,3,21,7,15,17,43,Female,Single,Marketing,3,23,3,4,2,4,4,4
No,Research & Development,Manufacturing Director,1,40,Travel Rarely,53,11,No,2,16,14,5,12,36,Female,Single,Life Sciences,9,18,3,2,3,3,4,3
Yes,Research & Development,Healthcare Representative,1,40,Travel Rarely,73,11,Yes,2,10,7,0,5,44,Female,Married,Medical,1,10,3,4,3,1,4,3
No,Research & Development,Laboratory Technician,1,40,Travel Frequently,52,12,Yes,2,2,2,2,2,28,Male,Married,Life Sciences,1,2,3,4,2,4,2,3
No,Research & Development,Laboratory Technician,1,40,Travel Frequently,40,14,No,6,7,0,7,7,51,Female,Single,Medical,0,8,3,3,2,2,2,2
No,Research & Development,Manufacturing Director,1,40,No Travel,72,18,No,3,8,4,1,7,30,Female,Single,Medical,7,10,3,3,3,3,3,3
Yes,Research & Development,Laboratory Technician,1,40,Travel Rarely,39,13,Yes,2,7,7,7,7,29,Female,Divorced,Technical Degree,3,10,3,3,3,2,1,3
No,Research & Development,Research Scientist,1,40,Travel Rarely,84,11,No,2,3,2,1,2,28,Male,Single,Technical Degree,2,5,3,1,3,4,2,2
No,Research & Development,Research Scientist,1,40,Travel Rarely,40,18,No,3,2,2,2,1,25,Female,Single,Medical,1,2,3,2,3,4,4,2
No,Sales,Sales Executive,1,40,Travel Rarely,56,15,Yes,4,10,7,0,8,32,Male,Married,Medical,1,10,3,4,4,3,3,4
No,Research & Development,Manager,1,40,Travel Frequently,83,22,No,4,0,0,0,0,45,Female,Single,Medical,3,22,4,2,3,2,3,3
No,Research & Development,Manager,1,40,Travel Rarely,94,13,Yes,4,19,9,15,2,39,Female,Divorced,Medical,6,21,3,2,2,3,4,3
No,Research & Development,Research Scientist,1,40,Travel Rarely,88,12,Yes,3,2,2,2,2,58,Male,Divorced,Life Sciences,1,2,3,3,3,1,4,3
Yes,Research & Development,Laboratory Technician,1,40,Travel Rarely,79,18,Yes,3,10,4,1,1,32,Male,Married,Life Sciences,1,10,3,3,3,4,1,3
Yes,Research & Development,Research Scientist,1,40,Travel Rarely,93,13,No,2,5,2,0,3,39,Male,Single,Medical,0,6,3,1,3,3,1,3
No,Research & Development,Laboratory Technician,1,40,Travel Rarely,48,12,Yes,6,9,2,6,7,30,Female,Married,Technical Degree,0,10,3,4,2,1,1,3
No,Research & Development,Healthcare Representative,1,40,Travel Rarely,63,12,No,0,7,7,1,7,36,Female,Married,Technical Degree,3,10,3,3,3,4,1,3
No,Human Resources,Human Resources,1,40,Travel Rarely,44,12,No,3,7,6,5,7,46,Female,Single,Life Sciences,6,10,3,1,3,4,3,4
No,Research & Development,Laboratory Technician,1,40,No Travel,55,11,Yes,6,9,8,7,5,28,Female,Married,Life Sciences,0,10,3,4,1,3,1,3
No,Research & Development,Research Director,1,40,Travel Rarely,43,11,No,2,3,2,1,2,50,Female,Married,Life Sciences,4,25,3,1,3,4,2,3
Yes,Sales,Sales Executive,1,40,Travel Rarely,57,12,No,2,5,4,1,0,40,Male,Single,Marketing,2,9,3,2,2,4,3,3
Yes,Sales,Sales Executive,1,40,Travel Rarely,64,19,No,2,8,7,7,7,52,Male,Single,Life Sciences,9,10,3,2,3,2,3,2
No,Research & Development,Manager,1,40,Travel Rarely,95,23,Yes,2,9,1,0,8,30,Female,Married,Medical,1,9,4,1,3,2,4,3
No,Research & Development,Manufacturing Director,1,40,Travel Rarely,32,11,No,6,8,7,1,7,39,Male,Single,Life Sciences,0,9,3,3,3,1,1,3
No,Sales,Sales Executive,1,40,No Travel,57,19,Yes,5,10,8,9,6,31,Female,Divorced,Life Sciences,1,10,3,3,3,4,1,2
No,Sales,Sales Executive,1,40,No Travel,40,13,No,4,19,2,11,9,41,Male,Single,Medical,1,19,3,2,1,3,1,3
Yes,Sales,Sales Representative,1,40,Travel Frequently,54,11,No,2,3,2,2,2,31,Female,Single,Life Sciences,1,3,3,2,3,4,1,4
Yes,Research & Development,Laboratory Technician,1,40,Travel Rarely,89,12,No,4,3,2,1,2,44,Male,Married,Life Sciences,4,10,3,1,3,1,3,4
No,Research & Development,Manager,1,40,No Travel,37,13,No,3,20,8,2,10,42,Male,Married,Life Sciences,0,21,3,3,3,3,4,2
No,Research & Development,Manager,1,40,Travel Rarely,58,14,Yes,5,19,9,9,11,55,Female,Married,Medical,4,23,3,3,1,4,4,3
No,Human Resources,Manager,1,40,Travel Rarely,99,14,No,4,7,3,7,7,56,Male,Single,Life Sciences,6,36,3,2,3,4,1,3
No,Research & Development,Research Scientist,1,40,No Travel,74,16,Yes,0,4,2,0,0,40,Male,Divorced,Life Sciences,9,6,3,3,3,3,2,3
No,Research & Development,Healthcare Representative,1,40,Travel Rarely,86,11,Yes,0,9,7,1,6,34,Male,Divorced,Life Sciences,0,10,3,4,3,4,4,2
No,Research & Development,Research Scientist,1,40,Travel Rarely,98,13,No,4,9,8,8,8,40,Male,Single,Life Sciences,1,9,3,4,3,3,3,3
No,Sales,Sales Executive,1,40,Travel Frequently,66,17,Yes,2,9,3,1,7,41,Female,Divorced,Marketing,0,10,3,1,3,3,4,3
No,Research & Development,Research Scientist,1,40,Travel Frequently,87,11,No,3,9,6,1,1,35,Male,Single,Life Sciences,1,9,3,3,3,3,2,3
No,Human Resources,Manager,1,40,Travel Rarely,84,11,Yes,2,33,9,0,10,51,Male,Divorced,Life Sciences,1,33,3,2,3,3,2,3
No,Sales,Sales Executive,1,40,Travel Rarely,31,15,Yes,3,7,7,1,7,38,Female,Divorced,Life Sciences,3,11,3,1,3,2,4,3
No,Sales,Sales Executive,1,40,Travel Rarely,66,12,No,6,10,8,9,6,34,Female,Single,Medical,1,10,3,1,3,3,4,4
No,Research & Development,Laboratory Technician,1,40,Travel Rarely,67,11,Yes,6,3,2,1,2,25,Male,Married,Medical,3,7,3,4,3,4,3,2
Yes,Research & Development,Manufacturing Director,1,40,Travel Rarely,53,14,No,0,10,9,5,9,58,Female,Married,Medical,7,31,3,1,2,3,4,2
No,Research & Development,Laboratory Technician,1,40,Travel Rarely,88,22,Yes,3,4,2,0,3,40,Male,Married,Life Sciences,3,7,4,2,3,2,3,3
No,Sales,Sales Executive,1,40,Travel Frequently,83,16,Yes,2,15,7,6,13,36,Female,Married,Marketing,2,17,3,1,4,1,4,2
No,Research & Development,Manufacturing Director,1,40,Travel Rarely,54,11,No,2,10,9,0,8,48,Male,Single,Life Sciences,1,11,3,4,3,4,3,3
No,Sales,Sales Representative,1,40,Travel Rarely,98,14,Yes,4,1,0,0,0,27,Female,Married,Medical,8,5,3,4,4,3,2,3
No,Research & Development,Manufacturing Director,1,40,Travel Rarely,82,16,No,1,5,2,0,3,51,Female,Single,Technical Degree,3,29,3,2,2,4,2,2
No,Research & Development,Laboratory Technician,1,40,No Travel,97,15,No,5,0,0,0,0,18,Female,Single,Life Sciences,1,0,3,4,3,4,3,4
No,Research & Development,Laboratory Technician,1,40,Travel Rarely,60,12,Yes,0,9,7,0,0,35,Female,Married,Medical,0,10,3,4,2,4,2,3
No,Sales,Sales Executive,1,40,Travel Frequently,43,20,No,3,6,2,0,0,27,Male,Single,Life Sciences,3,8,4,4,1,4,2,3
Yes,Sales,Sales Executive,1,40,Travel Rarely,85,17,No,2,19,7,3,8,55,Male,Single,Marketing,6,24,3,3,4,1,3,2
No,Research & Development,Manufacturing Director,1,40,Travel Rarely,68,12,Yes,0,19,16,15,9,56,Male,Married,Life Sciences,4,33,3,2,3,4,1,3
No,Research & Development,Research Scientist,1,40,No Travel,92,20,Yes,2,5,4,0,0,34,Female,Divorced,Technical Degree,1,5,4,3,2,1,3,3
No,Research & Development,Healthcare Representative,1,40,Travel Rarely,89,20,Yes,0,12,11,11,8,40,Female,Divorced,Medical,5,15,4,3,4,2,2,3
No,Research & Development,Laboratory Technician,1,40,Travel Rarely,86,13,Yes,1,8,7,7,7,34,Male,Married,Medical,4,10,3,3,3,2,1,3
Yes,Sales,Sales Representative,1,40,Travel Frequently,90,14,No,3,1,0,0,0,31,Female,Single,Life Sciences,7,3,3,4,2,3,3,4
Yes,Sales,Sales Executive,1,40,Travel Frequently,67,18,Yes,0,4,2,3,2,35,Female,Married,Marketing,0,5,3,3,3,4,3,2
No,Research & Development,Research Scientist,1,40,Travel Frequently,57,11,Yes,2,4,2,0,3,38,Male,Divorced,Life Sciences,1,4,3,3,4,4,4,3
No,Research & Development,Healthcare Representative,1,40,Travel Rarely,98,11,No,2,14,11,4,11,34,Female,Single,Technical Degree,1,14,3,4,3,3,4,4
No,Sales,Sales Executive,1,40,Travel Rarely,48,11,Yes,0,5,3,0,4,28,Male,Married,Life Sciences,1,5,3,1,2,3,3,3
Yes,Research & Development,Manufacturing Director,1,40,Travel Rarely,98,15,Yes,3,10,2,6,7,31,Male,Married,Medical,1,10,3,3,3,4,4,2
No,Sales,Sales Executive,1,40,Travel Rarely,44,12,Yes,2,5,4,1,4,39,Male,Married,Life Sciences,3,8,3,4,2,1,4,4
No,Sales,Sales Executive,1,40,Travel Frequently,52,11,No,5,4,2,3,2,51,Male,Married,Marketing,2,14,3,2,3,2,2,3
No,Research & Development,Research Scientist,1,40,Travel Frequently,75,14,Yes,4,6,2,3,3,41,Female,Divorced,Life Sciences,3,12,3,4,3,4,1,2
No,Research & Development,Research Scientist,1,40,Travel Rarely,54,15,No,2,6,4,1,3,37,Male,Married,Life Sciences,7,8,3,3,3,3,4,3
No,Sales,Sales Executive,1,40,Travel Frequently,61,13,No,2,5,4,1,2,33,Male,Married,Life Sciences,6,8,3,4,3,2,1,4
No,Sales,Sales Executive,1,40,Travel Rarely,36,13,Yes,3,3,2,1,2,32,Male,Married,Marketing,0,4,3,2,3,3,1,2
No,Research & Development,Healthcare Representative,1,40,No Travel,71,21,Yes,2,6,4,0,5,39,Male,Married,Life Sciences,3,13,4,3,3,3,2,3
No,Sales,Sales Executive,1,40,Travel Rarely,93,11,No,3,3,2,1,2,25,Male,Married,Life Sciences,2,6,3,3,4,1,2,2
No,Research & Development,Manufacturing Director,1,40,Travel Frequently,59,11,Yes,3,5,3,0,2,52,Female,Married,Medical,2,24,3,3,4,4,2,2
No,Research & Development,Research Scientist,1,40,Travel Rarely,73,14,No,3,20,7,1,8,43,Female,Single,Medical,1,20,3,3,2,1,1,1
No,Sales,Sales Executive,1,40,Travel Rarely,98,11,No,3,6,2,4,4,27,Female,Married,Marketing,1,6,3,4,2,4,4,3
Yes,Research & Development,Research Scientist,1,40,Travel Rarely,51,13,No,2,8,2,7,7,27,Female,Single,Life Sciences,1,8,3,3,3,4,4,3
No,Research & Development,Research Scientist,1,40,Travel Rarely,36,12,No,2,4,3,1,1,26,Male,Single,Medical,0,5,3,4,2,1,4,3
No,Human Resources,Manager,1,40,Travel Rarely,31,14,Yes,5,20,7,0,9,42,Female,Married,Human Resources,0,21,3,1,3,3,3,3
No,Research & Development,Laboratory Technician,1,40,Travel Rarely,54,13,No,2,5,4,0,4,52,Female,Married,Other,9,12,3,1,3,3,3,1
No,Research & Development,Laboratory Technician,1,40,Travel Rarely,94,18,No,6,3,2,0,2,37,Female,Single,Medical,4,8,3,3,3,1,1,3
No,Research & Development,Manufacturing Director,1,40,Travel Frequently,60,11,No,2,2,2,2,2,35,Male,Single,Life Sciences,2,10,3,4,3,3,3,3
No,Research & Development,Laboratory Technician,1,40,Travel Rarely,81,11,Yes,2,3,2,0,2,25,Male,Married,Technical Degree,4,7,3,4,3,1,2,2
No,Research & Development,Laboratory Technician,1,40,Travel Rarely,100,12,No,2,7,7,0,7,26,Male,Single,Other,0,8,3,1,4,3,4,3
No,Human Resources,Human Resources,1,40,Travel Rarely,51,13,No,3,10,9,0,9,29,Male,Single,Other,1,10,3,1,2,2,1,2
Yes,Research & Development,Laboratory Technician,1,40,Travel Frequently,97,20,No,2,4,3,1,3,49,Male,Single,Life Sciences,3,20,4,1,2,1,1,3
Yes,Research & Development,Healthcare Representative,1,40,Travel Frequently,84,12,No,1,8,7,7,7,29,Female,Single,Other,0,9,3,4,3,3,1,3
No,Research & Development,Research Director,1,40,Travel Rarely,54,19,No,3,20,7,12,7,54,Female,Single,Medical,6,29,3,4,3,4,4,2
No,Research & Development,Research Director,1,40,Travel Rarely,76,21,Yes,3,9,8,1,5,58,Female,Married,Medical,3,32,4,1,3,4,3,3
No,Research & Development,Research Director,1,40,Travel Rarely,81,13,Yes,4,7,7,0,0,55,Male,Divorced,Medical,2,31,3,4,4,2,4,4
No,Sales,Sales Executive,1,40,Travel Rarely,99,16,No,3,5,4,0,1,36,Female,Single,Marketing,3,15,3,2,3,1,4,3
Yes,Sales,Sales Representative,1,40,Travel Frequently,50,12,No,3,1,0,0,0,31,Female,Single,Life Sciences,1,1,3,3,1,2,2,3
No,Sales,Sales Executive,1,40,Travel Rarely,73,14,Yes,3,3,2,0,2,30,Female,Divorced,Marketing,7,8,3,1,3,4,2,3
No,Research & Development,Research Director,1,40,Travel Rarely,93,11,No,3,3,2,1,0,31,Female,Single,Life Sciences,3,9,3,2,3,1,3,4
No,Research & Development,Research Scientist,1,40,Travel Frequently,91,14,Yes,2,4,3,1,3,34,Male,Divorced,Other,5,10,3,1,3,4,3,3
Yes,Research & Development,Research Scientist,1,40,Travel Rarely,34,12,No,3,1,0,0,0,31,Female,Single,Life Sciences,1,1,3,2,2,1,3,4
No,Research & Development,Laboratory Technician,1,40,Travel Rarely,91,14,No,3,5,0,1,4,27,Male,Married,Life Sciences,0,6,3,1,3,2,2,4
No,Research & Development,Laboratory Technician,1,40,Travel Rarely,37,16,No,2,10,4,1,8,36,Male,Single,Life Sciences,1,10,3,4,2,1,3,2
No,Sales,Sales Executive,1,40,Travel Rarely,98,13,Yes,3,3,2,0,2,36,Female,Married,Marketing,4,11,3,1,2,3,1,2
No,Research & Development,Research Scientist,1,40,Travel Rarely,74,12,Yes,2,6,5,1,2,47,Male,Married,Technical Degree,7,17,3,4,3,1,3,2
Yes,Sales,Sales Representative,1,40,Travel Rarely,68,12,No,2,3,2,2,2,25,Male,Married,Life Sciences,3,6,3,1,2,1,1,3
No,Research & Development,Laboratory Technician,1,40,No Travel,84,14,No,2,6,5,1,3,37,Male,Single,Technical Degree,0,7,3,3,4,3,1,1
No,Research & Development,Research Scientist,1,40,Travel Rarely,90,22,Yes,3,3,2,1,0,56,Female,Married,Life Sciences,2,5,4,1,3,1,4,4
No,Research & Development,Research Director,1,40,Travel Rarely,82,19,Yes,2,20,17,5,6,47,Female,Married,Medical,3,26,3,3,3,1,2,4
No,Sales,Sales Executive,1,40,Travel Rarely,42,12,Yes,3,5,4,0,3,24,Female,Married,Medical,1,5,3,3,3,4,3,3
No,Sales,Sales Executive,1,40,Travel Rarely,97,12,Yes,3,4,3,0,3,32,Male,Married,Marketing,4,7,3,4,3,4,3,2
No,Research & Development,Laboratory Technician,1,40,Travel Rarely,86,17,Yes,2,5,4,0,2,34,Female,Married,Life Sciences,5,7,3,2,2,4,1,2
No,Research & Development,Research Scientist,1,40,Travel Rarely,90,12,No,5,4,2,0,3,41,Male,Married,Medical,2,7,3,3,4,2,1,2
No,Research & Development,Laboratory Technician,1,40,No Travel,81,11,Yes,2,8,7,0,7,40,Male,Divorced,Other,3,11,3,3,3,3,3,4
No,Sales,Sales Executive,1,40,Travel Rarely,31,18,Yes,5,13,7,9,9,31,Male,Divorced,Life Sciences,1,13,3,4,3,1,1,3
Yes,Sales,Sales Executive,1,40,Travel Rarely,52,11,Yes,1,7,7,4,3,46,Male,Divorced,Marketing,4,28,3,4,3,1,1,4
Yes,Research & Development,Laboratory Technician,1,40,No Travel,54,23,No,2,1,0,0,0,39,Female,Single,Life Sciences,2,11,4,1,2,1,2,4
Yes,Research & Development,Manufacturing Director,1,40,Travel Frequently,100,11,No,2,10,8,4,7,31,Female,Single,Life Sciences,1,10,3,2,4,3,1,3
No,Research & Development,Healthcare Representative,1,40,Travel Rarely,95,18,Yes,2,7,7,0,7,45,Male,Divorced,Medical,2,24,3,1,1,2,2,3
No,Human Resources,Human Resources,1,40,Travel Rarely,96,18,No,3,3,2,0,2,31,Female,Single,Medical,9,8,3,2,4,4,4,3
Yes,Research & Development,Laboratory Technician,1,40,Travel Frequently,94,13,Yes,2,2,2,2,2,31,Male,Married,Life Sciences,6,7,3,4,3,2,3,1
No,Research & Development,Manufacturing Director,1,40,Travel Rarely,55,18,Yes,4,3,1,1,2,45,Male,Married,Technical Degree,4,10,3,4,3,2,4,4
No,Sales,Sales Executive,1,40,Travel Rarely,96,11,Yes,3,2,2,2,2,48,Male,Divorced,Marketing,4,15,3,1,3,3,1,3
Yes,Human Resources,Human Resources,1,40,Travel Rarely,52,15,No,0,2,2,2,2,34,Female,Married,Technical Degree,1,2,3,3,3,1,4,3
No,Research & Development,Research Director,1,40,No Travel,55,11,Yes,5,9,8,4,8,40,Male,Divorced,Medical,2,16,3,2,2,4,3,3
No,Sales,Sales Executive,1,40,Travel Rarely,84,18,No,4,5,4,1,3,28,Male,Single,Medical,0,6,3,1,3,4,4,3
No,Research & Development,Laboratory Technician,1,40,No Travel,90,14,No,5,5,2,0,3,44,Male,Single,Life Sciences,3,7,3,3,2,3,4,3
No,Research & Development,Research Director,1,40,Travel Rarely,39,12,No,2,9,8,8,8,53,Male,Single,Medical,4,35,3,2,4,4,2,2
No,Research & Development,Healthcare Representative,1,40,Travel Rarely,96,14,Yes,0,3,2,1,2,49,Male,Married,Technical Degree,2,20,3,3,3,1,2,2
No,Research & Development,Research Scientist,1,40,Travel Rarely,68,14,Yes,3,3,1,1,2,40,Male,Divorced,Medical,2,8,3,3,3,3,3,4
No,Research & Development,Research Scientist,1,40,Travel Rarely,49,13,No,3,5,2,1,3,44,Male,Single,Life Sciences,1,6,3,2,3,4,3,2
No,Sales,Sales Executive,1,40,Travel Frequently,54,14,Yes,2,4,3,0,3,33,Male,Married,Medical,0,5,3,1,3,4,1,3
No,Sales,Sales Executive,1,40,Travel Rarely,81,18,No,2,13,9,3,12,34,Male,Single,Other,3,15,3,1,1,4,4,3
No,Sales,Sales Executive,1,40,Travel Rarely,96,15,Yes,2,2,1,2,2,30,Male,Married,Life Sciences,8,4,3,3,3,4,3,2
No,Research & Development,Laboratory Technician,1,40,Travel Frequently,74,13,No,3,12,9,5,8,42,Female,Single,Medical,1,12,3,4,3,1,3,3
No,Sales,Sales Executive,1,40,Travel Frequently,79,12,Yes,4,1,0,0,0,44,Female,Married,Marketing,7,11,3,3,3,1,3,2
No,Research & Development,Research Scientist,1,40,No Travel,64,13,Yes,2,1,0,0,0,30,Male,Divorced,Technical Degree,1,1,3,3,3,3,2,2
No,Research & Development,Research Scientist,1,40,Travel Rarely,93,24,Yes,2,12,9,2,8,57,Male,Married,Life Sciences,0,13,4,3,4,2,1,2
No,Research & Development,Healthcare Representative,1,40,Travel Rarely,35,14,Yes,3,8,7,0,7,49,Male,Divorced,Life Sciences,3,29,3,2,3,3,2,3
No,Research & Development,Research Director,1,40,Travel Frequently,71,14,Yes,3,14,8,6,9,34,Male,Divorced,Medical,7,16,3,1,3,2,4,2
Yes,Sales,Sales Representative,1,40,Travel Frequently,92,15,Yes,3,3,2,1,2,28,Male,Married,Technical Degree,3,5,3,3,3,1,4,4
Yes,Sales,Sales Executive,1,40,Travel Frequently,51,11,No,4,5,3,0,0,29,Female,Single,Technical Degree,5,7,3,2,3,1,1,1
Yes,Sales,Sales Executive,1,40,Travel Rarely,40,23,No,2,15,9,10,10,34,Female,Single,Medical,0,16,4,2,2,1,3,4
No,Sales,Sales Representative,1,40,Travel Rarely,76,13,Yes,3,1,0,0,0,35,Male,Married,Life Sciences,1,1,3,3,3,4,1,3
Yes,Research & Development,Laboratory Technician,1,40,Travel Frequently,89,11,No,2,0,0,0,0,24,Male,Single,Medical,2,4,3,1,3,2,3,2
No,Sales,Sales Representative,1,40,No Travel,78,13,Yes,2,1,0,0,0,24,Female,Married,Life Sciences,1,1,3,2,3,4,3,3
No,Research & Development,Manufacturing Director,1,40,Travel Frequently,86,18,No,2,2,2,2,2,44,Male,Single,Medical,5,16,3,3,3,2,2,2
No,Sales,Sales Executive,1,40,Travel Rarely,77,14,Yes,3,10,7,0,4,29,Male,Divorced,Life Sciences,1,10,3,3,2,3,3,3
No,Human Resources,Human Resources,1,40,Travel Rarely,46,21,Yes,3,5,3,1,3,30,Male,Divorced,Life Sciences,0,6,4,3,3,3,1,4
No,Research & Development,Healthcare Representative,1,40,Travel Rarely,30,16,No,2,3,2,1,2,55,Male,Married,Life Sciences,0,4,3,3,3,4,2,3
No,Research & Development,Laboratory Technician,1,40,Travel Rarely,82,11,No,5,5,4,0,2,33,Female,Married,Medical,8,8,3,2,2,1,4,3
No,Sales,Sales Executive,1,40,Travel Rarely,78,17,Yes,4,5,4,1,2,47,Female,Married,Medical,3,11,3,3,3,3,3,2
Yes,Research & Development,Laboratory Technician,1,40,Travel Frequently,38,11,No,2,0,0,0,0,28,Male,Single,Medical,7,8,3,1,2,3,3,2
No,Research & Development,Research Scientist,1,40,Travel Rarely,72,14,Yes,2,1,0,0,0,28,Male,Divorced,Life Sciences,1,1,3,3,2,1,4,1
No,Sales,Sales Executive,1,40,Travel Frequently,55,14,No,5,4,2,1,3,28,Male,Single,Life Sciences,0,5,3,1,3,3,4,3
No,Research & Development,Laboratory Technician,1,40,Travel Rarely,43,25,Yes,3,3,2,1,2,49,Female,Married,Medical,4,10,4,1,2,3,1,3
No,Research & Development,Laboratory Technician,1,40,Travel Frequently,97,13,Yes,3,3,2,0,2,29,Female,Married,Life Sciences,0,4,3,2,3,4,3,3
No,Research & Development,Manufacturing Director,1,40,Travel Rarely,96,14,Yes,2,8,6,1,7,28,Male,Married,Life Sciences,1,8,3,2,1,3,2,2
No,Research & Development,Healthcare Representative,1,40,Travel Rarely,69,17,No,6,0,0,0,0,33,Male,Single,Life Sciences,2,14,3,3,3,4,1,3
No,Research & Development,Manager,1,40,Travel Rarely,64,25,No,5,5,2,0,0,32,Male,Single,Medical,2,10,4,4,3,3,2,4
No,Research & Development,Manager,1,40,Travel Frequently,87,20,Yes,2,14,9,1,12,54,Female,Divorced,Medical,3,26,4,4,3,2,1,3
Yes,Research & Development,Research Scientist,1,40,Travel Rarely,100,13,No,2,9,7,0,7,29,Male,Single,Technical Degree,6,11,3,1,2,1,3,1
No,Research & Development,Research Director,1,40,Travel Rarely,32,13,Yes,1,20,6,14,17,44,Male,Married,Life Sciences,3,24,3,1,3,4,3,4
No,Research & Development,Manufacturing Director,1,40,Travel Rarely,32,18,No,3,2,0,2,2,39,Female,Single,Life Sciences,4,9,3,2,3,2,4,3
No,Sales,Manager,1,40,Travel Rarely,51,12,Yes,2,13,12,5,1,46,Female,Married,Life Sciences,8,23,3,2,3,3,4,4
No,Research & Development,Healthcare Representative,1,40,Travel Rarely,91,19,No,3,11,8,3,3,35,Female,Single,Life Sciences,1,11,3,2,2,4,4,1
No,Research & Development,Laboratory Technician,1,40,Travel Rarely,97,14,No,2,4,3,1,2,23,Male,Single,Life Sciences,0,5,3,3,3,1,2,3
Yes,Research & Development,Laboratory Technician,1,40,Travel Rarely,86,14,No,3,5,4,1,0,40,Male,Single,Life Sciences,3,15,3,1,3,4,2,1
No,Sales,Sales Executive,1,40,Travel Rarely,64,14,No,3,10,9,8,6,34,Male,Married,Technical Degree,1,10,3,3,2,4,4,3
Yes,Research & Development,Research Scientist,1,40,Travel Frequently,33,12,No,2,7,2,7,7,31,Female,Single,Life Sciences,1,7,3,3,3,4,1,1
No,Research & Development,Research Director,1,40,Travel Frequently,88,13,No,2,32,6,13,9,50,Male,Single,Medical,1,32,3,4,1,3,4,3
No,Sales,Sales Representative,1,40,Travel Rarely,55,25,Yes,4,11,10,5,7,34,Male,Married,Technical Degree,0,12,4,3,3,2,2,3
No,Research & Development,Laboratory Technician,1,40,Travel Rarely,68,14,Yes,3,1,0,0,0,42,Male,Married,Medical,4,4,3,2,2,3,2,3
No,Research & Development,Research Scientist,1,40,Travel Rarely,47,17,No,2,10,8,3,7,37,Male,Married,Medical,1,10,3,4,3,1,1,3
No,Research & Development,Healthcare Representative,1,40,Travel Rarely,39,13,Yes,3,7,7,0,7,29,Female,Married,Other,3,9,3,1,1,3,3,3
No,Research & Development,Manufacturing Director,1,40,Travel Rarely,44,13,No,2,5,3,0,2,33,Male,Single,Life Sciences,1,5,3,2,2,4,4,3
No,Research & Development,Research Scientist,1,40,Travel Rarely,97,20,Yes,3,5,4,0,3,45,Male,Married,Technical Degree,4,8,4,4,3,4,4,3
No,Research & Development,Healthcare Representative,1,40,Travel Frequently,40,14,Yes,3,20,8,13,9,42,Male,Married,Life Sciences,2,24,3,4,3,4,3,1
No,Sales,Sales Executive,1,40,Travel Rarely,47,12,No,5,8,4,7,1,40,Male,Married,Medical,0,9,3,1,3,1,4,4
No,Research & Development,Laboratory Technician,1,40,Travel Rarely,79,12,Yes,3,15,14,5,7,33,Male,Married,Life Sciences,1,15,3,3,3,2,2,3
No,Human Resources,Manager,1,40,Travel Rarely,38,21,No,2,21,7,7,7,40,Male,Single,Medical,1,21,4,4,3,3,4,3
No,Research & Development,Laboratory Technician,1,40,Travel Rarely,57,14,Yes,3,1,1,0,0,24,Male,Divorced,Technical Degree,0,2,3,1,2,3,2,3
No,Research & Development,Healthcare Representative,1,40,No Travel,72,18,No,2,2,2,2,2,40,Male,Divorced,Life Sciences,3,8,3,4,3,4,3,3
No,Research & Development,Healthcare Representative,1,40,Travel Rarely,66,12,Yes,4,10,8,7,7,45,Male,Divorced,Technical Degree,1,10,3,2,3,1,1,3
No,Sales,Sales Representative,1,40,Travel Rarely,98,23,Yes,5,5,3,4,2,35,Female,Married,Life Sciences,0,6,4,3,2,2,1,3
No,Research & Development,Research Scientist,1,40,Travel Rarely,67,12,Yes,2,7,1,2,5,32,Female,Married,Life Sciences,3,12,3,2,2,4,1,3
No,Sales,Sales Representative,1,40,Travel Rarely,70,21,No,3,3,2,1,2,36,Male,Single,Life Sciences,3,7,4,4,3,3,4,2
No,Sales,Sales Executive,1,40,Travel Rarely,96,14,Yes,2,8,7,7,7,48,Female,Divorced,Life Sciences,8,18,3,3,3,3,3,3
No,Research & Development,Research Scientist,1,40,Travel Rarely,91,18,Yes,2,1,0,0,0,29,Male,Married,Life Sciences,6,5,3,3,4,3,1,2
No,Sales,Sales Executive,1,40,Travel Rarely,46,13,Yes,6,2,2,2,2,33,Male,Married,Life Sciences,2,8,3,1,3,1,4,1
Yes,Sales,Sales Executive,1,40,Travel Rarely,64,11,Yes,4,10,8,6,7,30,Male,Married,Life Sciences,1,10,3,1,2,2,4,3
No,Human Resources,Human Resources,1,40,Travel Frequently,71,11,No,2,6,3,1,2,38,Male,Married,Human Resources,3,10,3,3,3,3,3,3
No,Research & Development,Laboratory Technician,1,40,Travel Rarely,68,19,No,3,3,0,1,2,35,Male,Single,Medical,1,3,3,1,2,4,2,3
No,Sales,Sales Executive,1,40,Travel Rarely,33,12,Yes,3,4,2,1,3,30,Male,Married,Technical Degree,3,9,3,2,3,3,2,3
Yes,Research & Development,Laboratory Technician,1,40,Travel Rarely,69,12,Yes,2,1,0,0,0,35,Female,Divorced,Life Sciences,1,1,3,1,3,1,4,3
Yes,Research & Development,Manufacturing Director,1,40,Travel Rarely,78,16,Yes,4,33,7,1,9,53,Female,Married,Technical Degree,0,34,3,4,2,3,2,3
Yes,Research & Development,Manufacturing Director,1,40,Travel Rarely,81,11,Yes,2,5,2,1,4,38,Male,Married,Medical,4,7,3,2,3,3,1,3
No,Research & Development,Research Scientist,1,40,No Travel,62,14,Yes,3,6,5,1,2,32,Male,Married,Technical Degree,4,9,3,1,3,4,2,2
No,Research & Development,Research Scientist,1,40,Travel Rarely,65,12,Yes,3,8,2,7,6,48,Female,Married,Other,8,10,3,1,3,3,4,2
No,Research & Development,Research Scientist,1,40,Travel Rarely,35,13,No,4,1,0,0,0,34,Male,Single,Medical,1,1,3,4,3,1,3,1
No,Sales,Manager,1,40,Travel Rarely,60,21,Yes,3,36,6,2,13,55,Male,Married,Marketing,1,36,4,4,2,3,3,3
No,Research & Development,Research Scientist,1,40,Travel Rarely,45,17,Yes,3,2,2,2,1,34,Male,Married,Life Sciences,9,9,3,4,3,2,2,2
No,Research & Development,Research Scientist,1,40,Travel Rarely,89,21,No,5,1,0,0,0,26,Female,Married,Life Sciences,1,1,4,4,3,1,1,3
No,Sales,Sales Executive,1,40,Travel Rarely,80,11,Yes,3,9,8,7,7,38,Male,Married,Life Sciences,0,10,3,2,3,3,4,3
No,Sales,Sales Executive,1,40,Travel Rarely,90,12,No,5,3,2,1,2,38,Female,Single,Life Sciences,2,8,3,2,3,2,2,4
No,Sales,Sales Executive,1,40,Travel Rarely,73,13,No,5,1,0,0,0,36,Female,Single,Life Sciences,6,15,3,3,3,2,1,3
No,Research & Development,Laboratory Technician,1,40,Travel Rarely,87,18,No,3,10,9,1,5,29,Male,Single,Medical,1,10,3,1,3,2,4,3
No,Research & Development,Healthcare Representative,1,40,Travel Rarely,51,16,No,4,5,2,0,4,35,Female,Single,Medical,3,10,3,3,3,1,3,3
No,Sales,Sales Executive,1,40,Travel Rarely,38,11,Yes,3,7,6,7,6,39,Male,Married,Medical,2,11,3,3,4,4,1,3
No,Research & Development,Healthcare Representative,1,40,Travel Frequently,87,19,Yes,0,6,4,1,3,29,Male,Divorced,Life Sciences,1,6,3,4,3,1,4,4
No,Sales,Manager,1,40,Travel Rarely,59,16,Yes,2,1,0,0,0,50,Male,Married,Marketing,4,27,3,3,3,3,3,3
No,Research & Development,Research Scientist,1,40,Travel Rarely,45,16,Yes,2,2,2,2,2,23,Male,Married,Technical Degree,2,4,3,3,4,4,4,3
No,Research & Development,Laboratory Technician,1,40,Travel Frequently,80,13,Yes,3,3,2,0,2,36,Male,Married,Life Sciences,3,9,3,1,4,1,4,3
No,Research & Development,Manager,1,40,Travel Rarely,93,22,No,2,1,0,0,1,42,Male,Single,Other,8,24,4,4,2,4,4,3
No,Research & Development,Laboratory Technician,1,40,Travel Rarely,46,17,Yes,3,10,9,6,8,35,Male,Married,Life Sciences,1,10,3,3,4,2,4,2
No,Research & Development,Healthcare Representative,1,40,Travel Frequently,92,14,Yes,3,8,2,7,7,34,Male,Married,Technical Degree,1,8,3,3,2,4,2,2
No,Sales,Sales Executive,1,40,Travel Rarely,84,15,Yes,2,5,4,1,2,40,Female,Married,Life Sciences,1,5,3,1,3,4,3,3
No,Research & Development,Laboratory Technician,1,40,Travel Rarely,87,12,Yes,0,6,4,0,2,43,Male,Divorced,Technical Degree,5,8,3,2,4,4,3,3
No,Research & Development,Laboratory Technician,1,40,Travel Rarely,63,18,Yes,5,1,0,0,1,35,Male,Married,Life Sciences,1,1,3,4,2,3,4,2
No,Sales,Manager,1,40,Travel Rarely,56,15,No,5,26,0,0,12,46,Male,Single,Life Sciences,1,27,3,1,4,4,2,1
Yes,Research & Development,Laboratory Technician,1,40,Travel Rarely,51,17,Yes,3,1,1,0,0,28,Male,Married,Medical,1,1,3,2,3,3,3,3
No,Research & Development,Research Scientist,1,40,No Travel,85,14,No,2,4,2,1,3,22,Female,Married,Other,1,4,3,3,2,2,2,2
No,Research & Development,Healthcare Representative,1,40,Travel Frequently,41,15,Yes,3,30,8,12,13,50,Male,Married,Medical,2,32,3,3,3,2,3,3
No,Research & Development,Research Scientist,1,40,Travel Rarely,35,17,Yes,3,3,2,0,2,32,Female,Married,Other,3,6,3,4,4,2,4,3
No,Research & Development,Research Director,1,40,Travel Rarely,31,14,Yes,4,22,7,1,10,44,Female,Divorced,Medical,0,23,3,4,3,2,4,2
No,Research & Development,Research Scientist,1,40,Travel Rarely,48,12,Yes,3,6,4,1,1,30,Male,Married,Medical,1,6,3,2,2,2,2,2
No,Research & Development,Laboratory Technician,1,40,Travel Rarely,50,14,No,3,10,7,1,4,45,Female,Single,Medical,1,10,3,1,1,3,1,3
No,Sales,Sales Executive,1,40,No Travel,52,15,Yes,2,10,7,4,5,45,Male,Married,Marketing,1,10,3,1,2,1,1,3
No,Sales,Sales Executive,1,40,Travel Frequently,54,13,No,3,5,2,0,3,31,Male,Single,Other,7,10,3,1,3,4,4,3
No,Research & Development,Manufacturing Director,1,40,Travel Rarely,76,12,Yes,2,3,2,1,1,36,Female,Married,Life Sciences,9,7,3,3,3,3,2,3
No,Research & Development,Manufacturing Director,1,40,Travel Frequently,42,13,Yes,3,9,7,7,2,34,Male,Divorced,Life Sciences,1,9,3,4,4,3,1,3
No,Research & Development,Laboratory Technician,1,40,Travel Rarely,84,14,Yes,3,9,6,1,4,49,Female,Married,Life Sciences,1,10,3,1,3,3,4,2
No,Research & Development,Manufacturing Director,1,40,Travel Rarely,76,13,Yes,3,7,7,7,7,39,Male,Married,Medical,2,10,3,1,3,2,4,3
No,Research & Development,Laboratory Technician,1,40,Travel Rarely,67,11,Yes,3,7,7,0,7,27,Male,Divorced,Other,1,7,3,1,2,4,1,3
No,Research & Development,Research Scientist,1,40,Travel Rarely,48,11,No,2,16,15,1,10,35,Male,Married,Life Sciences,1,16,3,1,4,2,4,3
No,Research & Development,Manufacturing Director,1,40,Travel Rarely,39,21,Yes,5,5,3,0,0,28,Female,Divorced,Medical,0,6,4,1,1,2,2,2
No,Research & Development,Research Scientist,1,40,Travel Rarely,97,18,No,2,2,2,2,2,21,Male,Single,Medical,1,3,3,4,3,3,3,3
Yes,Sales,Sales Representative,1,40,Travel Frequently,70,12,No,2,0,0,0,0,18,Female,Single,Medical,1,0,3,4,3,2,3,4
No,Human Resources,Manager,1,40,Travel Rarely,98,11,Yes,2,5,2,1,0,47,Female,Married,Life Sciences,3,27,3,3,3,4,3,3
No,Research & Development,Laboratory Technician,1,40,Travel Rarely,76,15,Yes,3,10,8,0,7,39,Male,Divorced,Medical,0,11,3,3,2,3,4,3
No,Research & Development,Manufacturing Director,1,40,Travel Rarely,80,13,Yes,2,18,15,14,12,40,Female,Married,Life Sciences,1,18,3,3,2,1,4,3
No,Research & Development,Healthcare Representative,1,40,No Travel,52,12,Yes,5,14,11,2,9,35,Female,Married,Life Sciences,1,15,3,3,3,3,4,3
No,Research & Development,Manufacturing Director,1,40,Travel Rarely,85,17,Yes,2,4,3,0,2,37,Male,Married,Life Sciences,3,9,3,3,3,3,1,2
No,Research & Development,Manufacturing Director,1,40,Travel Frequently,81,13,No,2,9,2,3,8,39,Female,Single,Medical,0,10,3,3,3,1,4,1
No,Research & Development,Manufacturing Director,1,40,Travel Rarely,59,19,Yes,3,10,7,3,9,45,Female,Divorced,Other,1,10,3,4,2,4,1,3
No,Research & Development,Manufacturing Director,1,40,Travel Rarely,54,19,Yes,6,5,4,0,2,38,Female,Married,Medical,3,10,3,3,2,4,4,4
Yes,Sales,Sales Executive,1,40,Travel Rarely,55,17,No,3,13,12,6,0,35,Male,Married,Medical,9,15,3,1,2,4,3,3
No,Research & Development,Research Scientist,1,40,Travel Rarely,71,11,Yes,2,8,4,7,7,37,Female,Married,Medical,1,8,3,2,3,2,1,1
No,Research & Development,Manufacturing Director,1,40,Travel Rarely,84,15,No,2,4,2,3,3,40,Female,Single,Life Sciences,6,18,3,4,3,3,4,2
No,Human Resources,Human Resources,1,40,Travel Frequently,37,11,No,3,10,7,0,2,44,Male,Married,Human Resources,4,14,3,4,3,1,3,3
No,Research & Development,Manager,1,40,Travel Frequently,89,25,Yes,3,2,2,2,2,48,Male,Married,Medical,2,23,4,4,2,3,2,3
Yes,Sales,Sales Executive,1,40,Travel Rarely,59,14,Yes,2,2,2,2,2,35,Male,Divorced,Medical,6,7,3,4,1,1,4,2
No,Research & Development,Research Scientist,1,40,Travel Frequently,32,13,No,2,6,3,1,3,24,Female,Single,Technical Degree,1,6,3,4,3,1,3,3
No,Research & Development,Research Scientist,1,40,Travel Rarely,86,17,No,0,3,2,0,2,27,Female,Married,Medical,7,5,3,3,4,2,1,3
No,Research & Development,Research Scientist,1,40,Travel Frequently,87,13,No,0,4,2,1,2,27,Male,Single,Medical,2,6,3,4,3,4,3,2
Yes,Research & Development,Laboratory Technician,1,40,Travel Rarely,73,14,No,3,4,2,0,3,40,Male,Single,Life Sciences,3,10,3,1,3,1,2,1
No,Sales,Sales Executive,1,40,Travel Rarely,42,11,No,2,5,2,1,4,29,Male,Single,Medical,9,8,3,3,2,3,3,3
No,Research & Development,Healthcare Representative,1,40,Travel Rarely,42,12,Yes,6,3,2,0,2,36,Female,Married,Life Sciences,4,9,3,1,3,2,3,3
No,Research & Development,Manufacturing Director,1,40,Travel Frequently,77,17,Yes,6,7,7,0,7,25,Male,Divorced,Life Sciences,1,7,3,3,4,4,3,3
No,Research & Development,Manufacturing Director,1,40,Travel Rarely,66,21,No,3,5,4,1,0,39,Male,Married,Medical,4,7,4,2,3,4,3,3
No,Research & Development,Research Director,1,40,Travel Rarely,72,16,Yes,2,4,2,1,2,49,Female,Married,Other,3,27,3,2,3,1,2,3
No,Research & Development,Research Director,1,40,Travel Rarely,50,15,Yes,3,14,11,1,11,50,Female,Divorced,Life Sciences,5,19,3,1,2,4,3,3
No,Sales,Sales Representative,1,40,Travel Rarely,31,19,No,3,2,2,2,2,20,Female,Single,Medical,1,2,3,3,3,3,1,3
No,Research & Development,Research Scientist,1,40,Travel Rarely,66,12,Yes,2,11,8,7,9,34,Female,Divorced,Life Sciences,1,11,3,2,3,4,3,3
No,Research & Development,Laboratory Technician,1,40,Travel Rarely,77,11,No,4,4,3,1,3,36,Male,Single,Life Sciences,2,15,3,2,3,1,3,3
No,Research & Development,Healthcare Representative,1,40,Travel Rarely,41,19,Yes,3,15,11,2,12,49,Female,Married,Life Sciences,2,30,3,3,2,3,2,3
No,Research & Development,Manufacturing Director,1,40,No Travel,33,15,No,6,3,2,1,2,36,Female,Married,Medical,0,4,3,3,2,4,3,3
No,Research & Development,Healthcare Representative,1,40,Travel Rarely,79,20,Yes,3,5,4,0,4,36,Male,Divorced,Life Sciences,6,13,4,1,4,4,1,3
No,Research & Development,Manager,1,40,Travel Rarely,91,25,Yes,6,10,8,4,7,54,Female,Married,Medical,3,36,4,3,3,2,3,3
No,Research & Development,Research Director,1,40,Travel Rarely,65,24,Yes,3,14,10,6,11,43,Male,Married,Life Sciences,1,14,4,3,2,3,1,3
Yes,Sales,Sales Executive,1,40,Travel Frequently,36,24,No,2,11,9,6,7,35,Male,Single,Other,3,13,4,4,3,4,1,4
No,Research & Development,Research Scientist,1,40,Travel Frequently,90,15,Yes,4,13,11,2,9,38,Male,Married,Life Sciences,7,19,3,4,3,4,4,4
No,Sales,Sales Executive,1,40,Travel Rarely,43,13,Yes,3,10,0,0,9,29,Male,Divorced,Medical,1,10,3,2,2,1,2,2
No,Sales,Sales Executive,1,40,Travel Rarely,93,14,Yes,5,6,2,0,4,33,Male,Divorced,Medical,1,6,3,4,3,4,3,3
No,Research & Development,Research Scientist,1,40,Travel Rarely,45,13,Yes,4,9,5,1,6,32,Male,Divorced,Medical,0,10,3,2,3,4,3,2
No,Sales,Sales Executive,1,40,Travel Rarely,67,11,Yes,2,10,0,0,2,31,Female,Married,Life Sciences,1,10,3,4,3,1,1,3
No,Research & Development,Laboratory Technician,1,40,Travel Rarely,74,16,Yes,2,2,2,2,2,49,Female,Divorced,Medical,4,17,3,1,3,4,2,2
No,Research & Development,Laboratory Technician,1,40,Travel Frequently,42,22,No,3,4,3,3,3,38,Female,Single,Medical,1,4,4,2,2,4,2,3
No,Sales,Manager,1,40,Travel Rarely,47,14,Yes,2,3,2,1,2,47,Female,Divorced,Life Sciences,6,29,3,2,4,2,3,3
No,Research & Development,Manager,1,40,Travel Rarely,36,14,No,2,8,7,0,0,49,Male,Single,Life Sciences,4,23,3,3,3,3,1,3
No,Sales,Sales Executive,1,40,Travel Rarely,80,16,No,2,2,0,0,2,41,Male,Single,Life Sciences,3,21,3,3,3,4,4,3
No,Sales,Sales Representative,1,40,Travel Rarely,54,11,No,3,2,2,0,2,20,Male,Single,Life Sciences,1,2,3,1,3,4,1,3
No,Sales,Sales Executive,1,40,No Travel,36,25,Yes,2,6,5,1,2,33,Female,Divorced,Life Sciences,1,7,4,4,3,3,3,3
No,Research & Development,Healthcare Representative,1,40,Travel Rarely,80,14,Yes,2,3,2,0,2,36,Male,Married,Life Sciences,6,10,3,3,3,1,2,2
No,Human Resources,Human Resources,1,40,Travel Rarely,44,18,Yes,2,2,2,2,2,44,Female,Divorced,Life Sciences,4,8,3,4,3,3,1,3
Yes,Research & Development,Laboratory Technician,1,40,Travel Rarely,93,11,No,2,5,4,1,2,23,Male,Single,Medical,1,5,3,3,2,4,1,3
No,Research & Development,Laboratory Technician,1,40,Travel Rarely,87,19,Yes,5,0,0,0,0,38,Female,Married,Medical,7,7,3,3,3,4,4,2
No,Research & Development,Healthcare Representative,1,40,Travel Rarely,48,15,No,2,4,3,1,2,53,Male,Married,Medical,3,11,3,4,4,2,3,3
Yes,Sales,Sales Representative,1,40,Travel Frequently,95,11,Yes,3,9,7,7,7,48,Female,Married,Medical,2,19,3,3,3,4,3,3
Yes,Research & Development,Laboratory Technician,1,40,Travel Rarely,95,12,No,2,1,0,0,0,32,Male,Single,Life Sciences,1,1,3,2,3,4,1,3
No,Research & Development,Laboratory Technician,1,40,No Travel,76,20,No,5,7,7,5,7,26,Male,Single,Medical,1,7,4,4,3,4,3,3
No,Research & Development,Research Scientist,1,40,Travel Rarely,94,12,Yes,1,4,2,1,2,55,Male,Divorced,Technical Degree,5,8,3,2,2,1,4,3
No,Research & Development,Laboratory Technician,1,40,Travel Rarely,57,14,Yes,3,15,10,4,13,34,Male,Married,Medical,1,15,3,4,2,2,3,4
No,Research & Development,Healthcare Representative,1,40,Travel Rarely,92,20,Yes,2,1,0,0,0,60,Male,Divorced,Medical,3,19,4,4,1,3,3,4
No,Research & Development,Laboratory Technician,1,40,Travel Rarely,79,18,Yes,6,14,11,2,13,33,Male,Married,Medical,1,14,3,2,4,2,4,3
No,Sales,Sales Executive,1,40,Travel Frequently,31,14,Yes,2,6,3,1,3,37,Male,Divorced,Medical,1,6,3,4,1,3,3,2
No,Research & Development,Research Scientist,1,40,Travel Rarely,35,12,No,3,10,9,8,7,34,Female,Married,Life Sciences,1,10,3,4,2,2,2,3
Yes,Sales,Sales Representative,1,40,Travel Rarely,99,21,Yes,2,3,2,0,2,23,Male,Divorced,Life Sciences,1,3,4,4,3,3,2,3
No,Research & Development,Healthcare Representative,1,40,Travel Rarely,96,19,Yes,2,8,7,6,7,44,Female,Married,Life Sciences,1,9,3,4,4,3,2,3
No,Research & Development,Research Scientist,1,40,Travel Frequently,79,14,No,2,5,4,1,4,35,Male,Single,Medical,0,6,3,4,2,1,3,4
No,Sales,Sales Executive,1,40,Travel Rarely,73,17,Yes,3,10,9,8,8,43,Male,Married,Medical,1,10,3,4,3,4,1,3
No,Research & Development,Research Scientist,1,40,Travel Rarely,62,16,Yes,1,5,3,0,4,24,Male,Married,Medical,1,5,3,3,4,3,4,3
No,Sales,Sales Executive,1,40,Travel Rarely,35,12,No,3,10,8,8,7,41,Male,Single,Marketing,1,10,3,3,3,4,2,3
No,Research & Development,Laboratory Technician,1,40,Travel Rarely,43,17,Yes,2,5,3,1,2,29,Female,Married,Medical,9,9,3,3,3,4,3,3
No,Sales,Sales Representative,1,40,Travel Rarely,51,15,No,2,13,7,6,7,36,Female,Single,Life Sciences,3,17,3,4,3,3,3,2
No,Research & Development,Healthcare Representative,1,40,No Travel,74,23,Yes,3,23,15,14,4,45,Male,Married,Life Sciences,3,25,4,3,2,3,4,2
Yes,Human Resources,Human Resources,1,40,Travel Rarely,58,11,Yes,2,1,0,0,0,24,Male,Married,Human Resources,1,1,3,3,1,4,3,3
Yes,Sales,Sales Executive,1,40,Travel Frequently,82,11,No,3,23,5,14,10,47,Male,Married,Life Sciences,7,25,3,3,1,3,3,1
No,Research & Development,Laboratory Technician,1,40,Travel Rarely,62,15,Yes,3,3,2,0,2,26,Male,Married,Medical,1,3,3,3,1,4,3,4
No,Research & Development,Research Director,1,40,Travel Rarely,48,11,No,2,21,6,8,6,45,Female,Single,Technical Degree,1,21,3,2,2,4,3,3
No,Research & Development,Research Scientist,1,40,Travel Frequently,56,13,Yes,3,5,2,1,3,32,Male,Married,Life Sciences,6,10,3,3,3,1,1,2
No,Research & Development,Laboratory Technician,1,40,Travel Rarely,69,14,Yes,2,5,2,0,3,31,Male,Married,Life Sciences,1,6,3,3,3,2,4,4
No,Human Resources,Human Resources,1,40,No Travel,60,19,Yes,4,3,2,1,2,41,Male,Married,Human Resources,6,10,3,2,1,3,2,3
No,Research & Development,Manufacturing Director,1,40,Travel Rarely,92,16,Yes,3,1,0,0,0,40,Female,Married,Life Sciences,2,18,3,1,3,2,2,3
No,Research & Development,Laboratory Technician,1,40,Travel Rarely,91,13,Yes,2,6,2,1,2,24,Male,Divorced,Medical,1,6,3,1,3,2,2,4
No,Research & Development,Healthcare Representative,1,40,Travel Rarely,34,14,No,3,10,7,0,9,46,Male,Single,Life Sciences,6,19,3,2,3,3,4,3
No,Research & Development,Manufacturing Director,1,40,Travel Rarely,49,16,Yes,3,7,7,0,7,35,Male,Married,Life Sciences,2,17,3,3,3,4,2,3
No,Research & Development,Research Scientist,1,40,Travel Rarely,33,12,Yes,2,10,0,0,8,30,Male,Married,Life Sciences,1,10,3,4,3,2,2,2
No,Sales,Sales Executive,1,40,No Travel,87,11,Yes,3,1,0,0,0,47,Male,Married,Marketing,7,4,3,2,3,3,4,1
No,Sales,Sales Executive,1,40,Travel Rarely,74,12,Yes,5,10,6,0,3,46,Male,Divorced,Life Sciences,4,13,3,4,3,3,2,2
Yes,Sales,Sales Executive,1,40,Travel Rarely,96,13,Yes,3,2,2,2,2,36,Male,Divorced,Marketing,5,16,3,1,2,2,2,3
Yes,Sales,Sales Executive,1,40,Travel Rarely,34,15,No,2,0,0,0,0,32,Male,Single,Life Sciences,6,10,3,2,1,1,2,3
No,Research & Development,Laboratory Technician,1,40,Travel Rarely,51,13,No,3,3,2,1,2,23,Female,Single,Medical,1,3,3,2,3,3,3,1
No,Research & Development,Manufacturing Director,1,40,Travel Frequently,30,20,No,3,5,4,1,4,31,Female,Single,Technical Degree,2,9,4,4,3,4,4,2
No,Research & Development,Laboratory Technician,1,40,No Travel,77,15,Yes,2,9,8,5,8,39,Male,Married,Life Sciences,1,9,3,4,3,4,4,3
No,Sales,Sales Executive,1,40,Travel Rarely,80,13,Yes,2,4,3,0,2,32,Male,Married,Life Sciences,3,10,3,3,1,4,3,1
No,Sales,Manager,1,40,Travel Rarely,88,14,No,3,21,8,12,8,40,Male,Single,Medical,1,21,3,2,3,2,2,2
No,Human Resources,Human Resources,1,40,Travel Rarely,56,21,Yes,2,5,0,0,3,45,Female,Married,Life Sciences,4,9,4,3,1,3,3,4
No,Research & Development,Research Scientist,1,40,Travel Frequently,78,16,No,2,9,7,0,7,30,Female,Single,Technical Degree,0,10,3,1,2,4,4,3
No,Human Resources,Human Resources,1,40,Travel Frequently,59,14,Yes,2,2,2,2,1,24,Male,Married,Medical,0,3,3,4,3,1,4,3
Yes,Human Resources,Human Resources,1,40,Travel Frequently,66,11,Yes,0,4,2,1,2,30,Female,Divorced,Human Resources,6,6,3,4,2,3,3,2
No,Sales,Sales Executive,1,40,Travel Rarely,51,19,Yes,3,5,2,0,2,31,Male,Married,Technical Degree,1,6,3,3,3,1,3,3
No,Research & Development,Research Scientist,1,40,Travel Rarely,67,11,No,5,6,2,1,4,27,Female,Single,Medical,1,6,3,4,3,3,3,2
Yes,Sales,Sales Representative,1,40,Travel Rarely,52,13,No,3,2,2,2,2,29,Female,Single,Marketing,1,2,3,2,1,2,3,3
No,Research & Development,Healthcare Representative,1,40,Travel Frequently,70,12,No,5,3,2,0,2,29,Male,Single,Life Sciences,8,10,3,3,4,4,4,4
No,Sales,Sales Executive,1,40,Travel Rarely,94,11,Yes,2,7,7,1,7,30,Male,Divorced,Marketing,2,12,3,1,2,3,1,3
No,Research & Development,Research Scientist,1,40,Travel Rarely,97,14,Yes,3,5,0,1,2,34,Male,Married,Medical,0,6,3,4,4,4,1,3
No,Sales,Sales Executive,1,40,No Travel,62,15,No,2,11,7,1,7,33,Female,Single,Marketing,8,13,3,2,3,4,4,2
No,Sales,Sales Executive,1,40,Travel Rarely,80,12,No,1,5,1,0,4,49,Female,Single,Marketing,3,8,3,4,3,4,3,4
Yes,Sales,Sales Executive,1,40,Travel Rarely,74,20,No,2,0,0,0,0,33,Female,Single,Life Sciences,2,11,4,1,3,1,3,2
No,Research & Development,Laboratory Technician,1,40,Travel Frequently,75,14,Yes,4,6,1,0,5,38,Female,Married,Medical,4,9,3,2,2,3,2,2
Yes,Sales,Sales Executive,1,40,Travel Rarely,70,13,Yes,2,1,0,0,0,31,Male,Married,Marketing,2,10,3,3,3,1,1,3
No,Research & Development,Research Scientist,1,40,Travel Rarely,91,13,Yes,2,1,0,0,0,29,Female,Divorced,Technical Degree,1,1,3,1,2,4,3,3
No,Research & Development,Healthcare Representative,1,40,Travel Rarely,58,16,Yes,3,7,0,1,7,30,Male,Married,Life Sciences,3,10,3,3,4,3,3,3
No,Research & Development,Research Scientist,1,40,No Travel,65,14,No,3,7,7,0,7,32,Male,Single,Technical Degree,2,12,3,2,3,2,2,3
No,Research & Development,Healthcare Representative,1,40,Travel Rarely,60,16,Yes,2,1,0,1,0,38,Male,Married,Medical,3,15,3,4,1,2,3,3
Yes,Research & Development,Research Scientist,1,40,Travel Frequently,38,16,Yes,4,1,0,0,0,43,Male,Married,Technical Degree,9,6,3,3,2,3,4,3
No,Research & Development,Laboratory Technician,1,40,Travel Rarely,57,22,Yes,6,5,3,0,4,42,Male,Divorced,Medical,8,7,4,2,3,2,2,2
No,Research & Development,Research Director,1,40,Travel Rarely,60,12,Yes,2,1,0,0,0,55,Male,Married,Medical,8,34,3,1,2,3,2,3
No,Research & Development,Research Scientist,1,40,No Travel,90,15,Yes,2,9,8,1,7,33,Male,Divorced,Technical Degree,5,11,3,2,3,4,4,2
No,Research & Development,Laboratory Technician,1,40,Travel Rarely,94,20,Yes,2,5,3,0,4,41,Male,Divorced,Life Sciences,1,5,4,1,3,3,2,3
No,Sales,Sales Executive,1,40,No Travel,87,14,Yes,3,15,14,0,7,34,Male,Divorced,Life Sciences,1,15,3,3,3,4,3,3
No,Research & Development,Manufacturing Director,1,40,No Travel,60,20,Yes,2,3,2,0,2,53,Female,Married,Medical,4,27,4,3,2,1,4,2
No,Human Resources,Human Resources,1,40,Travel Rarely,97,13,No,5,9,7,1,8,43,Male,Single,Life Sciences,0,10,3,4,3,2,2,3
No,Sales,Sales Executive,1,40,Travel Rarely,32,12,No,3,2,2,2,2,34,Female,Single,Life Sciences,5,6,3,4,1,4,1,3
Yes,Sales,Sales Representative,1,40,Travel Rarely,31,13,No,3,1,0,1,0,21,Male,Single,Marketing,1,1,3,2,3,2,2,3
No,Research & Development,Laboratory Technician,1,40,Travel Rarely,40,11,Yes,3,5,4,0,4,38,Female,Married,Other,1,5,3,3,2,4,2,3
Yes,Research & Development,Laboratory Technician,1,40,Travel Rarely,79,17,No,6,1,0,0,0,22,Female,Married,Medical,1,1,3,1,3,3,3,3
No,Sales,Sales Executive,1,40,Travel Rarely,91,14,Yes,3,12,7,5,7,31,Female,Married,Marketing,1,13,3,4,2,1,1,3
No,Research & Development,Manager,1,40,Travel Rarely,53,11,No,2,2,2,2,2,51,Female,Married,Technical Degree,2,15,3,3,3,1,4,3
No,Sales,Sales Executive,1,40,Travel Rarely,46,14,Yes,2,5,2,0,3,37,Male,Married,Marketing,1,5,3,2,2,2,1,3
No,Research & Development,Research Director,1,40,Travel Rarely,46,17,Yes,3,2,1,2,2,46,Male,Divorced,Medical,7,24,3,4,3,3,3,3
No,Research & Development,Healthcare Representative,1,40,Travel Rarely,90,13,Yes,1,12,8,5,7,36,Male,Married,Life Sciences,7,15,3,1,3,4,4,3
Yes,Research & Development,Research Scientist,1,40,Travel Frequently,99,12,Yes,2,5,3,2,3,44,Male,Divorced,Medical,1,6,3,2,3,3,3,2
No,Human Resources,Human Resources,1,40,Travel Rarely,89,13,No,4,10,0,4,7,37,Male,Divorced,Other,2,19,3,2,3,3,3,2
Yes,Sales,Sales Executive,1,40,Travel Rarely,84,18,No,2,10,7,7,7,35,Male,Single,Life Sciences,1,10,3,4,3,3,4,3
No,Research & Development,Research Scientist,1,40,Travel Rarely,90,19,Yes,1,10,8,7,6,33,Male,Married,Life Sciences,6,14,3,1,4,4,2,3
No,Research & Development,Research Scientist,1,40,Travel Rarely,82,11,Yes,6,5,3,0,3,28,Male,Married,Life Sciences,1,5,3,4,3,3,3,4
No,Research & Development,Research Director,1,40,Travel Rarely,65,21,No,3,4,3,2,2,39,Male,Single,Medical,7,9,4,3,3,3,3,3
No,Sales,Sales Executive,1,40,No Travel,98,15,No,3,2,2,2,2,46,Male,Single,Life Sciences,8,6,3,2,2,2,3,3
No,Research & Development,Laboratory Technician,1,40,Travel Rarely,99,17,Yes,5,4,3,0,2,40,Female,Married,Life Sciences,4,7,3,1,3,3,4,2
No,Research & Development,Healthcare Representative,1,40,Travel Rarely,95,18,Yes,2,0,0,0,0,42,Male,Married,Medical,5,10,3,1,4,2,3,2
No,Research & Development,Manufacturing Director,1,40,No Travel,90,14,Yes,6,7,7,1,7,35,Male,Divorced,Medical,2,15,3,4,3,2,3,3
No,Human Resources,Human Resources,1,40,No Travel,100,13,Yes,3,11,10,3,8,38,Male,Divorced,Human Resources,5,13,3,2,3,1,4,3
Yes,Research & Development,Laboratory Technician,1,40,Travel Frequently,93,17,Yes,3,7,1,0,7,34,Male,Married,Life Sciences,4,11,3,1,3,4,3,2
Yes,Research & Development,Manufacturing Director,1,40,Travel Rarely,58,15,No,4,10,3,0,8,37,Male,Single,Medical,1,10,3,1,3,4,2,1
No,Sales,Sales Executive,1,40,Travel Frequently,83,18,Yes,6,2,1,2,2,39,Male,Divorced,Life Sciences,2,7,3,4,3,3,4,3
No,Research & Development,Research Scientist,1,40,No Travel,52,13,No,2,3,2,1,2,43,Male,Single,Life Sciences,4,7,3,3,3,1,3,2
No,Research & Development,Healthcare Representative,1,40,Travel Rarely,85,12,No,3,3,2,1,2,41,Male,Single,Life Sciences,3,11,3,2,4,2,1,1
No,Sales,Sales Executive,1,40,Travel Rarely,81,13,Yes,3,22,14,13,5,41,Female,Divorced,Marketing,0,23,3,3,3,3,4,4
No,Research & Development,Manufacturing Director,1,40,Travel Rarely,64,14,No,3,7,7,0,2,30,Female,Single,Medical,9,9,3,3,3,1,2,3
Yes,Human Resources,Human Resources,1,40,Travel Rarely,69,11,No,3,5,1,1,4,26,Female,Married,Medical,0,6,3,2,3,4,3,3
Yes,Research & Development,Healthcare Representative,1,40,Travel Rarely,66,22,Yes,2,9,7,3,7,46,Female,Married,Medical,4,13,4,2,3,4,4,4
No,Research & Development,Healthcare Representative,1,40,Travel Rarely,52,17,Yes,3,5,3,0,3,40,Female,Divorced,Life Sciences,4,12,3,4,3,3,4,3
No,Sales,Sales Executive,1,40,Travel Rarely,92,21,Yes,5,10,8,4,8,34,Male,Married,Technical Degree,1,10,4,3,4,2,3,3
No,Sales,Manager,1,40,No Travel,52,22,Yes,0,16,9,14,14,58,Male,Divorced,Medical,4,37,4,2,3,2,4,2
No,Research & Development,Laboratory Technician,1,40,Travel Rarely,91,16,Yes,2,5,4,0,3,35,Male,Married,Medical,0,6,3,3,1,2,2,4
No,Research & Development,Manufacturing Director,1,40,Travel Rarely,92,12,Yes,4,22,11,14,10,47,Female,Divorced,Life Sciences,8,28,3,2,2,3,3,3
No,Research & Development,Healthcare Representative,1,40,Travel Rarely,47,12,Yes,3,7,4,7,7,40,Female,Divorced,Life Sciences,2,15,3,1,3,2,2,3
No,Research & Development,Research Scientist,1,40,Travel Rarely,68,15,Yes,2,7,1,1,7,54,Female,Married,Medical,4,14,3,4,3,4,2,2
No,Sales,Sales Executive,1,40,Travel Frequently,68,14,Yes,3,3,2,2,2,31,Female,Married,Marketing,2,9,3,1,3,1,4,3
No,Research & Development,Research Scientist,1,40,Travel Rarely,67,25,Yes,3,3,2,1,2,28,Female,Married,Medical,1,3,4,1,3,3,3,3
No,Sales,Sales Representative,1,40,Travel Rarely,77,20,Yes,4,4,2,0,3,38,Female,Married,Marketing,2,20,4,4,1,2,1,2
No,Sales,Sales Executive,1,40,Travel Rarely,46,13,No,4,5,3,1,2,26,Male,Single,Medical,1,5,3,4,3,3,1,3
No,Research & Development,Research Director,1,40,Travel Frequently,87,14,No,3,2,2,2,2,58,Male,Married,Life Sciences,2,23,3,3,3,1,2,3
No,Research & Development,Research Scientist,1,40,No Travel,33,16,No,4,0,0,0,0,18,Female,Single,Medical,1,0,3,3,3,2,3,1
Yes,Human Resources,Human Resources,1,40,Travel Rarely,89,17,No,4,1,0,0,0,31,Male,Married,Human Resources,0,2,3,1,4,4,3,3
Yes,Human Resources,Human Resources,1,40,Travel Rarely,56,15,Yes,3,2,2,2,0,29,Male,Divorced,Human Resources,4,4,3,1,2,1,4,3
No,Sales,Sales Executive,1,40,No Travel,67,22,Yes,3,8,7,5,7,45,Female,Married,Life Sciences,4,10,4,3,3,3,2,4
No,Research & Development,Research Scientist,1,40,Travel Rarely,73,22,Yes,2,1,0,0,0,36,Female,Married,Other,4,15,4,2,3,4,4,3
No,Sales,Sales Executive,1,40,Travel Frequently,92,20,Yes,5,7,7,7,7,43,Male,Married,Life Sciences,1,7,4,4,3,1,3,3
No,Research & Development,Laboratory Technician,1,40,Travel Frequently,53,14,No,3,5,4,0,2,27,Female,Single,Life Sciences,0,6,3,4,3,4,3,2
No,Research & Development,Laboratory Technician,1,40,Travel Frequently,40,13,No,3,11,8,3,10,29,Male,Married,Medical,1,11,3,4,3,4,2,4
No,Sales,Sales Executive,1,40,Travel Frequently,79,13,No,2,0,0,0,0,32,Male,Single,Marketing,8,4,3,4,3,4,3,4
No,Research & Development,Research Scientist,1,40,No Travel,38,22,Yes,1,6,3,3,3,42,Male,Married,Technical Degree,3,10,4,3,3,3,2,2
No,Research & Development,Laboratory Technician,1,40,Travel Rarely,64,12,No,2,2,2,2,0,47,Female,Single,Life Sciences,4,7,3,3,3,2,3,3
No,Research & Development,Manufacturing Director,1,40,Travel Rarely,82,14,Yes,4,9,8,4,7,46,Male,Divorced,Life Sciences,3,12,3,4,3,4,3,2
No,Human Resources,Human Resources,1,40,No Travel,43,15,Yes,2,3,2,2,2,28,Male,Divorced,Life Sciences,1,3,3,4,3,3,2,3
No,Research & Development,Healthcare Representative,1,40,Travel Rarely,93,17,Yes,3,7,0,1,6,29,Male,Divorced,Life Sciences,8,11,3,3,1,4,4,3
No,Research & Development,Laboratory Technician,1,40,Travel Rarely,81,13,No,3,0,0,0,0,42,Male,Single,Life Sciences,4,8,3,3,3,4,4,3
Yes,Sales,Sales Executive,1,40,Travel Rarely,82,12,No,3,2,2,2,2,32,Male,Single,Marketing,7,7,3,2,2,3,3,2
No,Sales,Sales Executive,1,40,Travel Rarely,45,12,Yes,5,19,17,2,8,46,Female,Divorced,Technical Degree,2,25,3,1,4,1,4,3
No,Sales,Sales Representative,1,40,Travel Rarely,36,21,Yes,5,9,8,5,8,27,Female,Married,Medical,1,9,4,3,2,2,4,3
No,Human Resources,Human Resources,1,40,Travel Rarely,87,11,No,3,1,0,0,0,29,Male,Married,Medical,1,1,3,2,2,4,4,3
No,Research & Development,Manager,1,40,Travel Rarely,81,13,No,2,16,12,6,14,43,Female,Married,Medical,7,21,3,3,2,1,4,3
No,Research & Development,Research Director,1,40,Travel Rarely,91,12,No,3,22,10,12,9,48,Male,Married,Life Sciences,4,29,3,2,2,4,4,3
Yes,Research & Development,Research Scientist,1,40,Travel Frequently,73,24,No,3,1,0,1,0,29,Male,Single,Life Sciences,1,1,4,4,2,4,2,2
Yes,Sales,Sales Executive,1,40,Travel Rarely,64,21,Yes,2,8,7,0,7,46,Female,Married,Life Sciences,5,14,4,2,3,3,3,3
No,Research & Development,Research Scientist,1,40,Travel Frequently,77,19,Yes,2,7,6,7,3,27,Female,Married,Life Sciences,0,8,3,1,2,4,4,2
No,Research & Development,Research Scientist,1,40,Travel Rarely,41,14,Yes,2,2,2,2,2,39,Male,Divorced,Other,8,7,3,4,3,4,2,3
No,Research & Development,Research Scientist,1,40,Travel Rarely,98,20,Yes,2,5,2,0,4,55,Male,Married,Technical Degree,8,19,4,4,2,2,2,4
No,Sales,Sales Representative,1,40,Travel Rarely,78,19,Yes,3,1,0,0,0,28,Female,Married,Medical,1,1,3,2,3,2,4,3
Yes,Sales,Sales Representative,1,40,Travel Rarely,89,13,No,3,1,0,0,0,30,Male,Single,Medical,1,1,3,4,3,2,3,2
Yes,Research & Development,Research Scientist,1,40,Travel Rarely,75,23,No,2,1,0,0,0,22,Male,Single,Life Sciences,1,1,4,2,3,4,1,3
No,Sales,Sales Executive,1,40,Travel Rarely,63,13,Yes,4,10,9,1,7,36,Female,Married,Technical Degree,1,10,3,3,2,2,1,3
No,Research & Development,Laboratory Technician,1,40,Travel Rarely,89,11,Yes,2,10,8,0,2,31,Male,Divorced,Life Sciences,1,10,3,3,3,2,1,3
No,Sales,Sales Executive,1,40,Travel Rarely,64,13,Yes,3,5,3,1,0,34,Male,Married,Life Sciences,2,9,3,4,3,3,4,3
No,Research & Development,Laboratory Technician,1,40,Travel Rarely,59,14,No,2,3,2,1,2,29,Male,Single,Life Sciences,3,11,3,1,3,4,2,3
No,Research & Development,Research Scientist,1,40,Travel Rarely,78,22,Yes,2,5,3,0,4,37,Male,Married,Medical,5,16,4,1,3,4,3,3
No,Research & Development,Manufacturing Director,1,40,Travel Rarely,44,11,No,2,3,2,0,2,35,Female,Married,Other,0,4,3,2,2,4,4,3
No,Research & Development,Manufacturing Director,1,40,Travel Rarely,93,13,Yes,2,9,8,3,8,45,Female,Married,Life Sciences,0,10,3,4,2,2,4,2
No,Human Resources,Human Resources,1,40,Travel Frequently,94,21,No,2,10,1,0,8,36,Male,Single,Human Resources,1,10,4,4,2,2,4,2
No,Research & Development,Manager,1,40,Travel Rarely,98,11,Yes,3,19,7,11,16,40,Male,Divorced,Life Sciences,2,22,3,1,3,1,1,3
No,Research & Development,Research Scientist,1,40,Travel Rarely,90,13,Yes,3,1,0,1,0,26,Female,Married,Life Sciences,1,1,3,3,2,2,3,2
No,Sales,Sales Executive,1,40,Travel Rarely,89,14,No,5,8,7,0,7,27,Female,Single,Medical,0,9,3,3,4,1,2,2
No,Research & Development,Manager,1,40,Travel Frequently,58,11,Yes,3,22,17,4,7,48,Female,Divorced,Medical,3,24,3,4,3,4,2,3
No,Research & Development,Healthcare Representative,1,40,Travel Rarely,78,15,Yes,5,2,0,2,2,44,Male,Married,Life Sciences,2,10,3,1,4,2,4,3
Yes,Research & Development,Research Scientist,1,40,No Travel,85,23,Yes,2,5,2,3,0,34,Male,Married,Technical Degree,1,5,4,1,1,4,2,3
Yes,Research & Development,Laboratory Technician,1,40,Travel Rarely,97,16,No,3,4,2,1,0,56,Male,Single,Life Sciences,1,5,3,4,3,1,4,3
No,Sales,Sales Executive,1,40,Travel Rarely,33,16,Yes,1,4,2,1,3,36,Male,Married,Marketing,2,12,3,2,2,3,3,1
No,Sales,Sales Executive,1,40,Travel Rarely,54,21,Yes,3,5,4,1,4,41,Female,Married,Marketing,5,14,4,2,3,3,3,3
No,Research & Development,Research Director,1,40,Travel Rarely,83,13,Yes,3,13,7,5,7,42,Male,Married,Medical,9,18,3,1,3,3,2,4
No,Sales,Sales Executive,1,40,Travel Rarely,86,11,Yes,2,5,2,1,4,31,Female,Divorced,Medical,2,8,3,4,3,3,4,3
No,Sales,Sales Executive,1,40,Travel Rarely,75,12,No,3,4,2,0,1,34,Female,Married,Medical,3,9,3,4,2,4,3,2
No,Research & Development,Laboratory Technician,1,40,Travel Rarely,62,12,Yes,0,2,2,2,2,31,Female,Divorced,Medical,8,4,3,3,4,1,2,2
No,Research & Development,Laboratory Technician,1,40,Travel Frequently,61,18,Yes,3,7,7,7,7,26,Male,Married,Other,0,8,3,4,4,3,1,3
No,Research & Development,Healthcare Representative,1,40,Travel Frequently,44,12,No,3,4,2,0,3,45,Male,Single,Medical,4,12,3,3,3,2,3,3
No,Sales,Sales Executive,1,40,Travel Rarely,43,14,No,2,10,4,0,9,33,Male,Single,Marketing,1,10,3,3,3,2,2,2
No,Sales,Sales Executive,1,40,Travel Frequently,42,12,Yes,2,7,7,0,7,28,Male,Married,Life Sciences,1,7,3,4,2,3,3,3
Yes,Sales,Sales Representative,1,40,Travel Frequently,45,17,No,3,1,0,0,0,29,Male,Single,Technical Degree,1,1,3,1,4,3,4,3
No,Sales,Sales Executive,1,40,No Travel,32,19,Yes,1,3,2,1,2,39,Female,Married,Life Sciences,6,10,3,3,1,1,3,3
No,Research & Development,Research Scientist,1,40,Travel Rarely,41,11,Yes,3,5,3,1,2,27,Male,Married,Technical Degree,1,6,3,2,3,2,3,2
No,Research & Development,Research Scientist,1,40,Travel Frequently,86,15,No,3,15,10,6,11,34,Male,Married,Other,1,16,3,4,2,3,2,3
Yes,Sales,Sales Executive,1,40,Travel Rarely,84,11,No,0,2,0,2,2,28,Female,Single,Marketing,3,6,3,3,3,4,4,3
No,Research & Development,Research Scientist,1,40,No Travel,64,18,Yes,4,8,7,1,7,47,Male,Married,Technical Degree,8,16,3,2,3,3,3,4
No,Sales,Sales Executive,1,40,Travel Rarely,89,16,Yes,3,0,0,0,0,56,Female,Married,Marketing,4,6,3,1,2,4,3,3
No,Research & Development,Manufacturing Director,1,40,Travel Rarely,87,25,Yes,3,10,0,7,9,39,Male,Married,Medical,1,10,4,1,3,1,4,3
No,Research & Development,Research Scientist,1,40,Travel Frequently,58,16,Yes,3,20,11,0,7,38,Female,Divorced,Medical,1,20,3,2,2,4,3,3
No,Sales,Manager,1,40,Travel Rarely,72,13,Yes,2,1,0,0,0,58,Female,Married,Life Sciences,4,29,3,4,3,4,3,2
Yes,Research & Development,Research Scientist,1,40,Travel Frequently,47,14,No,2,4,1,0,3,32,Female,Single,Life Sciences,3,8,3,3,4,1,1,3
No,Research & Development,Research Scientist,1,40,Travel Rarely,71,19,Yes,0,5,2,0,3,38,Male,Divorced,Life Sciences,2,10,3,4,3,2,4,4
No,Research & Development,Research Director,1,40,Travel Frequently,42,15,No,3,5,4,4,3,49,Male,Married,Life Sciences,3,28,3,4,3,2,4,3
No,Sales,Sales Executive,1,40,Travel Rarely,77,12,Yes,4,0,0,0,0,42,Male,Divorced,Marketing,3,14,3,4,3,2,3,3
Yes,Human Resources,Human Resources,1,40,Travel Frequently,58,12,No,2,1,0,0,0,27,Female,Married,Human Resources,1,1,3,2,2,1,1,3
No,Sales,Sales Executive,1,40,Travel Rarely,71,16,Yes,2,5,3,0,4,35,Male,Married,Medical,0,6,3,1,3,2,4,1
No,Research & Development,Research Scientist,1,40,No Travel,49,14,No,3,5,3,1,4,28,Male,Single,Medical,1,5,3,3,3,3,3,2
No,Research & Development,Research Scientist,1,40,No Travel,48,13,Yes,3,4,2,2,3,31,Male,Divorced,Medical,1,4,3,1,3,3,4,4
No,Research & Development,Laboratory Technician,1,40,No Travel,66,22,No,3,5,4,0,2,36,Male,Married,Life Sciences,1,5,4,2,4,1,2,3
No,Sales,Sales Executive,1,40,Travel Rarely,32,21,No,3,14,8,2,1,34,Male,Single,Marketing,1,14,4,4,3,1,1,2
No,Sales,Sales Executive,1,40,Travel Rarely,39,18,Yes,2,8,7,1,1,34,Male,Divorced,Medical,1,9,3,3,3,4,3,2
No,Research & Development,Laboratory Technician,1,40,Travel Rarely,95,13,No,6,7,7,7,6,26,Male,Single,Medical,0,8,3,1,3,3,4,2
No,Research & Development,Healthcare Representative,1,40,Travel Rarely,89,12,Yes,5,5,3,0,2,29,Male,Married,Life Sciences,0,6,3,1,3,1,1,2
No,Research & Development,Healthcare Representative,1,40,No Travel,34,18,Yes,6,5,1,1,2,32,Female,Divorced,Medical,5,9,3,4,3,3,2,3
No,Research & Development,Research Scientist,1,40,Travel Frequently,48,21,No,6,10,8,8,7,31,Male,Married,Life Sciences,1,10,4,1,1,4,2,3
Yes,Research & Development,Laboratory Technician,1,40,Travel Rarely,32,12,Yes,2,4,1,0,3,28,Male,Divorced,Technical Degree,5,6,3,4,2,3,1,2
No,Sales,Sales Representative,1,40,Travel Rarely,59,14,No,3,1,0,0,0,38,Male,Single,Life Sciences,4,20,3,1,2,1,1,2
No,Sales,Sales Executive,1,40,Travel Rarely,55,11,No,2,10,8,0,9,35,Female,Married,Life Sciences,1,10,3,4,3,3,4,3
No,Sales,Sales Executive,1,40,Travel Rarely,44,14,No,5,7,7,0,7,27,Male,Single,Marketing,1,7,3,4,3,4,1,3
No,Research & Development,Manufacturing Director,1,40,Travel Rarely,56,24,No,1,1,0,0,0,32,Male,Single,Life Sciences,8,8,4,4,2,4,2,3
Yes,Sales,Sales Executive,1,40,Travel Frequently,63,11,No,4,10,7,0,8,31,Male,Married,Marketing,1,10,3,4,3,1,3,3
Yes,Sales,Sales Executive,1,40,Travel Rarely,66,13,No,2,2,2,2,2,53,Male,Single,Life Sciences,6,15,3,1,3,1,2,2
No,Research & Development,Research Scientist,1,40,Travel Rarely,67,11,Yes,6,4,3,2,3,54,Female,Married,Life Sciences,3,9,3,3,3,1,3,2
No,Research & Development,Healthcare Representative,1,40,Travel Frequently,36,20,Yes,2,9,7,2,8,33,Male,Divorced,Life Sciences,1,9,4,3,3,4,3,3
No,Research & Development,Healthcare Representative,1,40,Travel Rarely,30,17,Yes,1,10,9,0,9,43,Male,Married,Life Sciences,1,10,3,3,3,1,2,3
No,Human Resources,Human Resources,1,40,Travel Frequently,88,11,Yes,2,6,2,1,2,38,Male,Married,Other,0,7,3,2,3,4,2,3
No,Human Resources,Manager,1,40,Travel Rarely,71,18,Yes,0,10,9,1,4,55,Male,Married,Human Resources,4,35,3,2,4,3,1,3
No,Research & Development,Laboratory Technician,1,40,Travel Rarely,59,11,Yes,4,1,0,0,0,31,Female,Divorced,Medical,1,1,3,4,1,4,3,3
No,Sales,Sales Executive,1,40,Travel Rarely,77,12,No,3,20,8,11,10,39,Male,Single,Marketing,0,21,3,1,3,2,1,3
No,Research & Development,Research Scientist,1,40,No Travel,37,12,No,2,20,9,3,7,42,Male,Single,Life Sciences,1,20,3,3,2,4,4,3
No,Research & Development,Research Director,1,40,No Travel,40,20,Yes,2,11,7,4,8,31,Female,Married,Medical,4,13,4,3,3,3,3,4
No,Research & Development,Manufacturing Director,1,40,Travel Rarely,77,19,No,3,5,2,1,4,54,Female,Single,Medical,6,9,3,1,3,3,4,3
No,Research & Development,Healthcare Representative,1,40,Travel Rarely,45,12,No,2,4,3,1,2,24,Male,Single,Life Sciences,1,4,3,3,2,2,2,2
No,Research & Development,Laboratory Technician,1,40,Travel Rarely,78,13,No,6,5,2,1,4,23,Male,Single,Other,1,5,3,4,3,4,3,4
No,Research & Development,Laboratory Technician,1,40,Travel Frequently,73,11,Yes,2,10,9,9,4,40,Female,Married,Technical Degree,1,10,3,3,3,4,1,4
No,Sales,Sales Executive,1,40,Travel Rarely,92,14,Yes,4,11,8,5,10,40,Female,Married,Marketing,3,15,3,2,3,2,3,3
No,Human Resources,Human Resources,1,40,Travel Rarely,82,14,No,3,2,0,1,2,25,Female,Married,Human Resources,4,6,3,2,3,3,3,3
No,Research & Development,Laboratory Technician,1,40,Travel Rarely,76,13,No,6,12,8,1,7,30,Male,Married,Medical,1,12,3,2,3,4,3,2
No,Research & Development,Laboratory Technician,1,40,Travel Rarely,57,19,Yes,2,2,2,0,2,25,Male,Divorced,Other,6,7,3,3,3,4,3,2
No,Research & Development,Healthcare Representative,1,40,Travel Rarely,84,23,No,3,17,14,12,11,47,Male,Single,Medical,2,25,4,3,3,1,2,3
No,Research & Development,Laboratory Technician,1,40,No Travel,59,12,Yes,2,1,1,0,0,33,Male,Divorced,Medical,1,1,3,3,2,2,3,2
No,Sales,Sales Executive,1,40,Travel Rarely,86,15,Yes,3,15,13,5,8,38,Male,Married,Life Sciences,0,16,3,2,3,4,1,3
No,Sales,Sales Representative,1,40,Travel Rarely,54,19,Yes,1,2,2,1,2,31,Male,Married,Life Sciences,0,3,3,3,3,1,3,3
No,Research & Development,Manufacturing Director,1,40,Travel Frequently,72,11,Yes,1,8,3,7,7,38,Male,Married,Life Sciences,2,10,3,3,2,1,4,3
No,Research & Development,Research Scientist,1,40,Travel Rarely,35,17,Yes,3,4,3,1,2,42,Male,Divorced,Life Sciences,6,9,3,1,3,4,3,2
No,Research & Development,Research Scientist,1,40,Travel Rarely,76,22,Yes,3,5,3,1,0,41,Male,Married,Life Sciences,3,12,4,4,3,4,1,3
No,Research & Development,Research Director,1,40,No Travel,98,18,Yes,3,13,8,5,12,47,Female,Married,Medical,0,14,3,2,3,3,1,1
No,Research & Development,Laboratory Technician,1,40,Travel Rarely,43,11,Yes,3,2,2,2,2,35,Male,Married,Medical,7,5,3,3,3,4,3,3
No,Research & Development,Research Scientist,1,40,Travel Rarely,63,12,No,2,3,2,1,2,22,Male,Single,Life Sciences,0,4,3,3,3,4,4,4
No,Research & Development,Research Scientist,1,40,Travel Rarely,48,19,No,5,10,7,0,8,35,Male,Single,Medical,1,10,3,3,3,2,2,3
No,Research & Development,Healthcare Representative,1,40,Travel Rarely,95,13,Yes,6,9,7,8,1,33,Female,Married,Medical,0,10,3,4,3,2,1,3
No,Research & Development,Laboratory Technician,1,40,Travel Rarely,49,13,No,3,6,2,4,1,32,Female,Single,Life Sciences,1,6,3,2,2,3,3,3
No,Research & Development,Laboratory Technician,1,40,Travel Rarely,83,19,Yes,3,1,0,0,0,40,Male,Married,Life Sciences,8,8,3,4,3,1,3,2
No,Sales,Sales Representative,1,40,Travel Rarely,68,14,Yes,2,2,2,2,2,32,Male,Married,Medical,0,3,3,2,2,2,2,3
No,Research & Development,Research Scientist,1,40,Travel Rarely,52,13,No,2,7,7,1,7,39,Male,Single,Life Sciences,7,18,3,4,3,1,1,3
No,Research & Development,Research Director,1,40,Travel Rarely,99,12,Yes,3,18,16,1,11,38,Female,Married,Medical,3,20,3,3,1,2,1,3
No,Sales,Sales Executive,1,40,Travel Rarely,48,19,Yes,3,14,10,5,7,32,Female,Married,Marketing,1,14,3,4,3,3,3,3
No,Research & Development,Research Director,1,40,Travel Rarely,42,25,Yes,2,16,11,6,8,37,Female,Married,Life Sciences,1,16,4,4,4,3,1,3
No,Sales,Sales Executive,1,40,Travel Rarely,85,22,Yes,3,5,3,0,4,25,Female,Divorced,Other,0,6,4,3,3,1,2,2
No,Sales,Sales Representative,1,40,No Travel,40,15,Yes,3,9,8,0,0,52,Male,Divorced,Life Sciences,2,16,3,4,3,1,2,2
No,Research & Development,Research Scientist,1,40,Travel Rarely,42,12,No,2,4,3,1,2,44,Male,Single,Medical,6,6,3,4,3,2,3,3
No,Sales,Sales Representative,1,40,Travel Rarely,58,11,No,6,2,2,1,2,21,Male,Single,Medical,1,2,3,1,3,3,4,3
No,Research & Development,Manager,1,40,No Travel,87,13,No,3,6,0,1,3,39,Male,Single,Life Sciences,2,21,3,4,3,4,3,2
Yes,Sales,Sales Representative,1,40,Travel Frequently,33,19,Yes,3,1,0,1,0,23,Male,Married,Marketing,1,1,3,1,3,4,1,2
No,Sales,Sales Executive,1,40,Travel Rarely,94,19,Yes,2,9,7,3,4,36,Female,Married,Medical,0,10,3,4,2,1,3,3
No,Research & Development,Manufacturing Director,1,40,Travel Frequently,97,13,Yes,3,4,2,0,2,36,Female,Divorced,Life Sciences,7,18,3,2,3,4,2,3
No,Research & Development,Healthcare Representative,1,40,No Travel,57,21,Yes,2,13,12,1,9,56,Male,Divorced,Life Sciences,1,13,4,3,3,3,1,2
Yes,Research & Development,Research Scientist,1,40,Travel Rarely,36,14,Yes,3,2,2,2,2,29,Male,Married,Medical,9,4,3,4,3,1,2,4
No,Research & Development,Manager,1,40,Travel Rarely,56,11,No,2,22,6,4,14,42,Male,Married,Life Sciences,5,24,3,3,3,1,1,2
Yes,Research & Development,Laboratory Technician,1,40,Travel Rarely,72,11,Yes,4,10,9,9,8,56,Male,Married,Technical Degree,8,14,3,3,3,4,4,1
No,Research & Development,Manufacturing Director,1,40,Travel Rarely,60,23,Yes,3,20,7,0,10,41,Female,Married,Life Sciences,0,21,4,2,2,1,3,3
No,Sales,Sales Executive,1,40,Travel Rarely,95,21,Yes,2,8,7,1,7,34,Female,Married,Marketing,1,8,4,3,2,4,4,3
No,Sales,Sales Executive,1,40,No Travel,88,24,Yes,4,15,12,11,11,36,Male,Divorced,Marketing,1,15,4,4,1,4,1,2
No,Sales,Sales Executive,1,40,Travel Rarely,57,11,Yes,5,5,4,0,4,41,Male,Divorced,Life Sciences,2,14,3,2,2,3,3,3
No,Research & Development,Research Scientist,1,40,Travel Rarely,78,14,No,4,4,2,1,2,32,Male,Single,Technical Degree,1,4,3,1,3,4,4,3
No,Human Resources,Human Resources,1,40,Travel Rarely,31,16,No,2,9,0,1,7,35,Female,Single,Life Sciences,1,9,3,4,3,3,3,3
No,Sales,Sales Executive,1,40,Travel Rarely,100,11,Yes,1,10,7,1,9,38,Female,Married,Life Sciences,1,10,3,4,3,1,3,3
Yes,Sales,Sales Executive,1,40,Travel Frequently,94,12,Yes,3,6,3,0,1,50,Male,Divorced,Life Sciences,7,12,3,3,3,2,4,3
No,Sales,Sales Executive,1,40,Travel Rarely,100,13,Yes,2,6,3,0,0,36,Female,Married,Marketing,4,8,3,4,2,2,1,2
No,Sales,Sales Executive,1,40,Travel Rarely,50,15,No,3,5,3,0,1,45,Female,Single,Life Sciences,8,8,3,3,3,4,3,3
No,Research & Development,Research Scientist,1,40,Travel Rarely,52,14,No,2,2,2,2,2,40,Male,Single,Life Sciences,2,8,3,3,2,3,4,3
No,Research & Development,Healthcare Representative,1,40,Travel Frequently,80,14,Yes,2,10,2,0,2,35,Male,Married,Life Sciences,1,10,3,3,3,3,4,4
No,Research & Development,Research Scientist,1,40,Travel Rarely,98,14,Yes,2,5,3,0,2,40,Female,Married,Medical,2,20,3,3,3,3,2,3
No,Research & Development,Research Scientist,1,40,Travel Rarely,62,12,Yes,5,4,3,1,1,35,Female,Married,Life Sciences,1,4,3,4,1,3,4,3
No,Research & Development,Laboratory Technician,1,40,Travel Rarely,46,13,Yes,2,4,3,0,3,29,Male,Married,Other,4,10,3,2,2,4,1,3
No,Research & Development,Research Scientist,1,40,Travel Rarely,73,14,No,3,5,4,0,4,29,Female,Single,Medical,1,5,3,1,2,4,2,1
Yes,Sales,Sales Executive,1,40,Travel Rarely,39,13,Yes,3,3,2,2,0,50,Male,Divorced,Marketing,4,20,3,1,2,4,2,3
No,Sales,Sales Executive,1,40,Travel Rarely,60,11,Yes,2,20,9,9,6,39,Female,Married,Marketing,0,21,3,4,2,2,1,2
No,Research & Development,Manufacturing Director,1,40,No Travel,74,19,No,2,9,4,1,7,31,Male,Single,Medical,0,10,3,1,3,2,2,3
No,Sales,Sales Representative,1,40,Travel Rarely,30,18,No,2,4,2,0,0,26,Female,Single,Other,0,5,3,3,2,4,4,3
No,Research & Development,Laboratory Technician,1,40,Travel Frequently,41,17,Yes,3,5,2,0,3,36,Male,Married,Medical,4,17,3,4,4,3,3,3
No,Research & Development,Healthcare Representative,1,40,Travel Rarely,42,15,Yes,5,7,7,1,7,39,Male,Married,Medical,4,9,3,1,2,4,1,3
No,Research & Development,Manufacturing Director,1,40,Travel Rarely,87,20,Yes,0,6,2,0,3,27,Male,Married,Life Sciences,1,6,4,2,4,2,2,3
No,Sales,Sales Executive,1,40,Travel Frequently,63,14,No,3,9,6,0,8,49,Male,Married,Medical,2,17,3,2,2,4,4,2
No,Research & Development,Laboratory Technician,1,40,Travel Rarely,82,12,No,3,4,3,1,2,34,Male,Married,Medical,2,6,3,3,4,2,1,4
